node_id,plasmid_name,layer_id,cow_name,plasmid_length
4,D_NODE_13_length_3385_cov_34.4003_ID_25,3,D,3385
4,T_NODE_54_length_3385_cov_53.3532_ID_107,17,T,3385
4,NA,12,N,3385
4,NA,20,W,3385
8,D_NODE_47_length_2421_cov_15.2828_ID_93,3,D,2421
8,N_NODE_257_length_2421_cov_10.7506_ID_513,12,N,2421
17,G_NODE_18_length_3636_cov_67.167_ID_35,5,G,3636
17,Q_NODE_7_length_3636_cov_12.1067_ID_13,15,Q,3636
22,G_NODE_39_length_2985_cov_5.71638_ID_77,5,G,2985
22,W_NODE_34_length_2985_cov_16.6488_ID_67,20,W,2985
23,G_NODE_51_length_2797_cov_7.33516_ID_101,5,G,2797
23,T_NODE_117_length_2797_cov_9.10394_ID_233,17,T,2797
26,H_NODE_14_length_3528_cov_20.9971_ID_27,6,H,3528
26,X_NODE_26_length_3528_cov_93.2183_ID_51,21,X,3528
33,H_NODE_49_length_2580_cov_21.863_ID_97,6,H,2580
33,W_NODE_65_length_2580_cov_6.1105_ID_129,20,W,2580
33,NA,12,N,2580
33,NA,16,S,2580
54,J_NODE_333_length_3928_cov_58.5148_ID_665,8,J,3928
54,K_NODE_35_length_3928_cov_298.141_ID_69,9,K,3928
54,NA,11,M,3928
55,J_NODE_454_length_3159_cov_197.88_ID_907,8,J,3159
55,L_NODE_94_length_3159_cov_235.107_ID_187,10,L,3159
56,J_NODE_473_length_3106_cov_430.132_ID_945,8,J,3106
56,N_NODE_115_length_3106_cov_32.195_ID_229,12,N,3106
57,J_NODE_489_length_3025_cov_142.08_ID_977,8,J,3025
57,L_NODE_108_length_3025_cov_7.7963_ID_215,10,L,3025
57,NA,12,N,3025
57,NA,16,S,3025
58,J_NODE_596_length_2668_cov_1785.41_ID_1191,8,J,2668
58,L_NODE_153_length_2668_cov_267.136_ID_305,10,L,2668
58,NA,11,M,2668
59,J_NODE_691_length_2419_cov_64.5533_ID_1381,8,J,2419
59,L_NODE_191_length_2419_cov_52.8261_ID_381,10,L,2419
60,J_NODE_726_length_2348_cov_24.5421_ID_1451,8,J,2348
60,L_NODE_202_length_2348_cov_10.7087_ID_403,10,L,2348
61,J_NODE_758_length_2243_cov_320.074_ID_1515,8,J,2243
61,M_NODE_300_length_2243_cov_194.83_ID_599,11,M,2243
62,J_NODE_783_length_2197_cov_217.847_ID_1565,8,J,2197
62,M_NODE_310_length_2197_cov_32.451_ID_619,11,M,2197
62,NA,10,L,2197
63,J_NODE_829_length_2121_cov_29.2982_ID_1657,8,J,2121
63,M_NODE_335_length_2121_cov_13.5479_ID_669,11,M,2121
65,K_NODE_250_length_2197_cov_40.3156_ID_499,9,K,2197
65,L_NODE_223_length_2197_cov_164.078_ID_445,10,L,2197
66,K_NODE_280_length_2100_cov_130.155_ID_559,9,K,2100
66,M_NODE_347_length_2100_cov_373.957_ID_693,11,M,2100
67,K_NODE_36_length_3880_cov_171.419_ID_71,9,K,3880
67,L_NODE_33_length_3880_cov_8.61699_ID_65,10,L,3880
72,K_NODE_90_length_3240_cov_12.2182_ID_179,9,K,3240
72,L_NODE_85_length_3240_cov_31.1206_ID_169,10,L,3240
72,M_NODE_125_length_3240_cov_11.1589_ID_249,11,M,3240
75,K_NODE_95_length_3203_cov_26.3698_ID_189,9,K,3203
75,M_NODE_131_length_3203_cov_24.3923_ID_261,11,M,3203
75,NA,8,J,3203
77,L_NODE_87_length_3231_cov_29.552_ID_173,10,L,3231
77,M_NODE_127_length_3231_cov_26.4175_ID_253,11,M,3231
78,L_NODE_98_length_3126_cov_8.61576_ID_195,10,L,3126
78,M_NODE_145_length_3126_cov_8.66981_ID_289,11,M,3126
78,U_NODE_43_length_3126_cov_38.928_ID_85,18,U,3126
78,Y_NODE_57_length_3126_cov_9.66298_ID_113,22,Y,3126
78,NA,8,J,3126
78,NA,12,N,3126
78,NA,16,S,3126
81,N_NODE_125_length_3045_cov_40.8716_ID_249,12,N,3045
81,O_NODE_42_length_3045_cov_14.6528_ID_83,13,O,3045
86,N_NODE_177_length_2743_cov_30.8478_ID_353,12,N,2743
86,T_NODE_126_length_2743_cov_25.3824_ID_251,17,T,2743
86,W_NODE_51_length_2743_cov_4.88467_ID_101,20,W,2743
108,P_NODE_13_length_6709_cov_8.87977_ID_25,14,P,6709
108,Q_NODE_2_length_6709_cov_95.2095_ID_3,15,Q,6709
108,NA,16,S,6709
112,S_NODE_250_length_2362_cov_20.3286_ID_499,16,S,2362
112,Y_NODE_172_length_2362_cov_10.811_ID_343,22,Y,2362
120,T_NODE_119_length_2773_cov_13.688_ID_237,17,T,2773
120,X_NODE_83_length_2773_cov_7.61553_ID_165,21,X,2773
123,T_NODE_196_length_2443_cov_31.3941_ID_391,17,T,2443
123,Y_NODE_155_length_2443_cov_258.003_ID_309,22,Y,2443
124,T_NODE_291_length_2069_cov_18.5576_ID_581,17,T,2069
124,W_NODE_138_length_2069_cov_10.3684_ID_275,20,W,2069
140,A_NODE_3_length_2977_cov_5.26557_ID_5,1,A,2977
140,NA,8,J,2977
140,NA,16,S,2977
140,NA,18,U,2977
141,A_NODE_8_length_2449_cov_5.62072_ID_15,1,A,2449
141,NA,5,G,2449
141,NA,8,J,2449
141,NA,9,K,2449
141,NA,10,L,2449
141,NA,12,N,2449
141,NA,13,O,2449
141,NA,16,S,2449
141,NA,17,T,2449
141,NA,18,U,2449
141,NA,20,W,2449
141,NA,21,X,2449
141,NA,22,Y,2449
197,D_NODE_4_length_5167_cov_7.93779_ID_7,3,D,5167
197,NA,12,N,5167
197,NA,16,S,5167
198,D_NODE_6_length_4214_cov_6.70858_ID_11,3,D,4214
198,NA,11,M,4214
199,D_NODE_17_length_3246_cov_20.8063_ID_33,3,D,3246
200,D_NODE_20_length_3058_cov_27.7949_ID_39,3,D,3058
201,D_NODE_22_length_2977_cov_32.0736_ID_43,3,D,2977
202,D_NODE_24_length_2906_cov_14.3567_ID_47,3,D,2906
204,D_NODE_27_length_2856_cov_2.90253_ID_53,3,D,2856
205,D_NODE_29_length_2820_cov_5.74358_ID_57,3,D,2820
207,D_NODE_34_length_2704_cov_5.81012_ID_67,3,D,2704
210,D_NODE_66_length_2181_cov_13.4473_ID_131,3,D,2181
211,D_NODE_71_length_2069_cov_7.20804_ID_141,3,D,2069
212,D_NODE_73_length_2051_cov_5.70741_ID_145,3,D,2051
289,F_NODE_1_length_6709_cov_107.781_ID_1,4,F,6709
289,NA,13,O,6709
289,NA,16,S,6709
290,F_NODE_2_length_3572_cov_19.9389_ID_3,4,F,3572
291,F_NODE_5_length_2977_cov_7.38569_ID_9,4,F,2977
292,F_NODE_7_length_2661_cov_3.6297_ID_13,4,F,2661
293,F_NODE_9_length_2484_cov_4.99959_ID_17,4,F,2484
294,F_NODE_10_length_2449_cov_15.7431_ID_19,4,F,2449
294,NA,12,N,2449
297,F_NODE_15_length_2009_cov_2.91146_ID_29,4,F,2009
297,NA,12,N,2009
375,G_NODE_2_length_5883_cov_17.4358_ID_3,5,G,5883
375,NA,17,T,5883
377,G_NODE_16_length_3664_cov_7.35772_ID_31,5,G,3664
378,G_NODE_22_length_3397_cov_4.56553_ID_43,5,G,3397
379,G_NODE_24_length_3366_cov_6.5666_ID_47,5,G,3366
381,G_NODE_30_length_3229_cov_9.32199_ID_59,5,G,3229
382,G_NODE_32_length_3181_cov_3.24216_ID_63,5,G,3181
382,NA,17,T,3181
383,G_NODE_34_length_3151_cov_45.9994_ID_67,5,G,3151
385,G_NODE_40_length_2978_cov_43.2282_ID_79,5,G,2978
385,NA,12,N,2978
385,NA,13,O,2978
387,G_NODE_43_length_2906_cov_10.5086_ID_85,5,G,2906
388,G_NODE_46_length_2889_cov_9.97883_ID_91,5,G,2889
391,G_NODE_53_length_2771_cov_8.66753_ID_105,5,G,2771
392,G_NODE_57_length_2662_cov_5.35827_ID_113,5,G,2662
393,G_NODE_60_length_2637_cov_5.5763_ID_119,5,G,2637
394,G_NODE_63_length_2624_cov_4.09498_ID_125,5,G,2624
396,G_NODE_65_length_2612_cov_10.2957_ID_129,5,G,2612
397,G_NODE_68_length_2594_cov_8.50059_ID_135,5,G,2594
398,G_NODE_71_length_2542_cov_11.9152_ID_141,5,G,2542
400,G_NODE_78_length_2429_cov_10.4406_ID_155,5,G,2429
401,G_NODE_80_length_2409_cov_10.8394_ID_159,5,G,2409
402,G_NODE_83_length_2384_cov_6.57321_ID_165,5,G,2384
403,G_NODE_85_length_2370_cov_17.9175_ID_169,5,G,2370
404,G_NODE_87_length_2365_cov_148.561_ID_173,5,G,2365
404,NA,12,N,2365
404,NA,18,U,2365
405,G_NODE_88_length_2365_cov_2.72987_ID_175,5,G,2365
406,G_NODE_89_length_2356_cov_14.4324_ID_177,5,G,2356
407,G_NODE_93_length_2328_cov_8.90277_ID_185,5,G,2328
408,G_NODE_94_length_2312_cov_3.39433_ID_187,5,G,2312
408,NA,12,N,2312
408,NA,22,Y,2312
409,G_NODE_97_length_2303_cov_13.2198_ID_193,5,G,2303
411,G_NODE_102_length_2292_cov_15.6321_ID_203,5,G,2292
411,NA,16,S,2292
412,G_NODE_103_length_2283_cov_5.33034_ID_205,5,G,2283
413,G_NODE_110_length_2248_cov_20.9302_ID_219,5,G,2248
414,G_NODE_111_length_2220_cov_34.4882_ID_221,5,G,2220
414,NA,17,T,2220
415,G_NODE_112_length_2220_cov_280.446_ID_223,5,G,2220
418,G_NODE_115_length_2211_cov_4.18089_ID_229,5,G,2211
419,G_NODE_118_length_2202_cov_11.1095_ID_235,5,G,2202
420,G_NODE_122_length_2154_cov_4.0181_ID_243,5,G,2154
421,G_NODE_124_length_2136_cov_112.257_ID_247,5,G,2136
422,G_NODE_127_length_2114_cov_8.5289_ID_253,5,G,2114
425,G_NODE_133_length_2085_cov_9.85123_ID_265,5,G,2085
427,G_NODE_135_length_2076_cov_14.0045_ID_269,5,G,2076
428,G_NODE_136_length_2072_cov_23.5607_ID_271,5,G,2072
429,G_NODE_137_length_2072_cov_40.0218_ID_273,5,G,2072
430,G_NODE_138_length_2062_cov_86.4584_ID_275,5,G,2062
431,G_NODE_140_length_2054_cov_6.76538_ID_279,5,G,2054
431,NA,8,J,2054
431,NA,9,K,2054
431,NA,10,L,2054
431,NA,11,M,2054
431,NA,17,T,2054
432,G_NODE_142_length_2038_cov_32.8296_ID_283,5,G,2038
434,G_NODE_146_length_2017_cov_27.6539_ID_291,5,G,2017
683,H_NODE_10_length_3948_cov_13.3021_ID_19,6,H,3948
686,H_NODE_17_length_3463_cov_12.0754_ID_33,6,H,3463
687,H_NODE_19_length_3379_cov_12.4326_ID_37,6,H,3379
688,H_NODE_21_length_3214_cov_6.65622_ID_41,6,H,3214
689,H_NODE_22_length_3163_cov_16.9572_ID_43,6,H,3163
689,NA,5,G,3163
689,NA,10,L,3163
690,H_NODE_24_length_2985_cov_4.06894_ID_47,6,H,2985
691,H_NODE_25_length_2977_cov_12.3727_ID_49,6,H,2977
693,H_NODE_28_length_2943_cov_3.27632_ID_55,6,H,2943
695,H_NODE_30_length_2903_cov_2.9698_ID_59,6,H,2903
696,H_NODE_38_length_2750_cov_2.98145_ID_75,6,H,2750
699,H_NODE_42_length_2705_cov_3.31094_ID_83,6,H,2705
704,H_NODE_56_length_2487_cov_23.3388_ID_111,6,H,2487
707,H_NODE_60_length_2429_cov_15.5147_ID_119,6,H,2429
708,H_NODE_62_length_2405_cov_13.8826_ID_123,6,H,2405
709,H_NODE_64_length_2376_cov_37.106_ID_127,6,H,2376
710,H_NODE_65_length_2362_cov_38.117_ID_129,6,H,2362
712,H_NODE_69_length_2292_cov_2.79392_ID_137,6,H,2292
713,H_NODE_70_length_2290_cov_7.58345_ID_139,6,H,2290
713,NA,21,X,2290
715,H_NODE_73_length_2248_cov_4.20885_ID_145,6,H,2248
716,H_NODE_75_length_2211_cov_6.45547_ID_149,6,H,2211
717,H_NODE_77_length_2194_cov_8.18233_ID_153,6,H,2194
722,H_NODE_83_length_2146_cov_16.4022_ID_165,6,H,2146
724,H_NODE_89_length_2091_cov_13.7893_ID_177,6,H,2091
724,NA,17,T,2091
725,H_NODE_91_length_2075_cov_14.8505_ID_181,6,H,2075
726,H_NODE_92_length_2074_cov_5.6315_ID_183,6,H,2074
727,H_NODE_93_length_2072_cov_26.0952_ID_185,6,H,2072
728,H_NODE_94_length_2045_cov_9.07437_ID_187,6,H,2045
728,NA,12,N,2045
731,H_NODE_98_length_2017_cov_30.7288_ID_195,6,H,2017
732,H_NODE_99_length_2005_cov_29.5508_ID_197,6,H,2005
733,H_NODE_100_length_2004_cov_22.0806_ID_199,6,H,2004
1044,I_NODE_11_length_3064_cov_47.8272_ID_21,7,I,3064
1044,NA,8,J,3064
1044,NA,9,K,3064
1044,NA,10,L,3064
1044,NA,11,M,3064
1046,I_NODE_14_length_2938_cov_20.5269_ID_27,7,I,2938
1046,NA,11,M,2938
1047,I_NODE_15_length_2935_cov_5.61562_ID_29,7,I,2935
1048,I_NODE_16_length_2861_cov_3.40271_ID_31,7,I,2861
1049,I_NODE_19_length_2662_cov_7.23015_ID_37,7,I,2662
1051,I_NODE_23_length_2501_cov_9.8888_ID_45,7,I,2501
1052,I_NODE_26_length_2384_cov_2.41134_ID_51,7,I,2384
1055,I_NODE_31_length_2283_cov_7.09156_ID_61,7,I,2283
1059,I_NODE_36_length_2206_cov_3.23896_ID_71,7,I,2206
1060,I_NODE_37_length_2182_cov_4.97367_ID_73,7,I,2182
1062,I_NODE_40_length_2124_cov_8.67182_ID_79,7,I,2124
1063,I_NODE_42_length_2064_cov_61.0458_ID_83,7,I,2064
1064,I_NODE_47_length_2000_cov_26.0766_ID_93,7,I,2000
1293,J_NODE_200_length_7296_cov_16.4881_ID_399,8,J,7296
1294,J_NODE_201_length_7241_cov_35.3382_ID_401,8,J,7241
1295,J_NODE_207_length_6939_cov_7.38698_ID_413,8,J,6939
1301,J_NODE_238_length_5418_cov_39.0209_ID_475,8,J,5418
1306,J_NODE_258_length_4978_cov_8.26793_ID_515,8,J,4978
1308,J_NODE_260_length_4960_cov_25.7346_ID_519,8,J,4960
1312,J_NODE_273_length_4798_cov_6.41577_ID_545,8,J,4798
1316,J_NODE_290_length_4485_cov_39.7898_ID_579,8,J,4485
1318,J_NODE_294_length_4456_cov_8.13724_ID_587,8,J,4456
1321,J_NODE_302_length_4300_cov_5.62026_ID_603,8,J,4300
1327,J_NODE_319_length_4092_cov_36.2878_ID_637,8,J,4092
1329,J_NODE_325_length_4044_cov_82.4106_ID_649,8,J,4044
1332,J_NODE_331_length_3969_cov_14.7108_ID_661,8,J,3969
1334,J_NODE_336_length_3923_cov_19.2283_ID_671,8,J,3923
1337,J_NODE_341_length_3880_cov_39.9299_ID_681,8,J,3880
1339,J_NODE_343_length_3859_cov_170.979_ID_685,8,J,3859
1347,J_NODE_358_length_3747_cov_18.1425_ID_715,8,J,3747
1349,J_NODE_360_length_3731_cov_14.2715_ID_719,8,J,3731
1352,J_NODE_371_length_3636_cov_8.24714_ID_741,8,J,3636
1353,J_NODE_373_length_3616_cov_4.78517_ID_745,8,J,3616
1354,J_NODE_376_length_3572_cov_24.5223_ID_751,8,J,3572
1355,J_NODE_377_length_3563_cov_37.6753_ID_753,8,J,3563
1355,NA,10,L,3563
1357,J_NODE_379_length_3555_cov_29.6863_ID_757,8,J,3555
1359,J_NODE_383_length_3532_cov_11.6117_ID_765,8,J,3532
1360,J_NODE_384_length_3513_cov_93.489_ID_767,8,J,3513
1360,NA,7,I,3513
1365,J_NODE_394_length_3445_cov_13.941_ID_787,8,J,3445
1367,J_NODE_399_length_3414_cov_6.93867_ID_797,8,J,3414
1369,J_NODE_401_length_3396_cov_23.3448_ID_801,8,J,3396
1371,J_NODE_408_length_3377_cov_52.0888_ID_815,8,J,3377
1372,J_NODE_409_length_3375_cov_121.665_ID_817,8,J,3375
1374,J_NODE_412_length_3354_cov_57.084_ID_823,8,J,3354
1375,J_NODE_413_length_3352_cov_6.78738_ID_825,8,J,3352
1376,J_NODE_414_length_3348_cov_5.35044_ID_827,8,J,3348
1377,J_NODE_415_length_3346_cov_24.9474_ID_829,8,J,3346
1378,J_NODE_416_length_3320_cov_152.847_ID_831,8,J,3320
1381,J_NODE_420_length_3308_cov_109.487_ID_839,8,J,3308
1383,J_NODE_423_length_3279_cov_10.2472_ID_845,8,J,3279
1388,J_NODE_434_length_3239_cov_10.18_ID_867,8,J,3239
1389,J_NODE_435_length_3231_cov_29.0107_ID_869,8,J,3231
1391,J_NODE_439_length_3214_cov_3.75404_ID_877,8,J,3214
1395,J_NODE_448_length_3185_cov_193.272_ID_895,8,J,3185
1395,NA,10,L,3185
1395,NA,11,M,3185
1396,J_NODE_455_length_3159_cov_83.2671_ID_909,8,J,3159
1399,J_NODE_459_length_3150_cov_27.316_ID_917,8,J,3150
1401,J_NODE_462_length_3140_cov_6.02626_ID_923,8,J,3140
1401,NA,10,L,3140
1402,J_NODE_463_length_3140_cov_146.944_ID_925,8,J,3140
1405,J_NODE_467_length_3124_cov_12.0616_ID_933,8,J,3124
1408,J_NODE_476_length_3085_cov_241.797_ID_951,8,J,3085
1409,J_NODE_477_length_3077_cov_192.193_ID_953,8,J,3077
1409,NA,9,K,3077
1409,NA,10,L,3077
1409,NA,11,M,3077
1410,J_NODE_479_length_3072_cov_65.2788_ID_957,8,J,3072
1411,J_NODE_481_length_3068_cov_30.9595_ID_961,8,J,3068
1412,J_NODE_482_length_3057_cov_1195.66_ID_963,8,J,3057
1412,NA,9,K,3057
1412,NA,10,L,3057
1412,NA,11,M,3057
1413,J_NODE_483_length_3053_cov_86.8799_ID_965,8,J,3053
1414,J_NODE_486_length_3037_cov_44.4547_ID_971,8,J,3037
1415,J_NODE_487_length_3029_cov_8.89442_ID_973,8,J,3029
1416,J_NODE_488_length_3028_cov_14.4564_ID_975,8,J,3028
1417,J_NODE_490_length_3025_cov_7.12458_ID_979,8,J,3025
1419,J_NODE_492_length_3022_cov_29.7668_ID_983,8,J,3022
1422,J_NODE_497_length_3009_cov_78.3162_ID_993,8,J,3009
1424,J_NODE_501_length_2983_cov_8.92623_ID_1001,8,J,2983
1424,NA,12,N,2983
1425,J_NODE_502_length_2977_cov_11.4719_ID_1003,8,J,2977
1426,J_NODE_503_length_2965_cov_10.2134_ID_1005,8,J,2965
1427,J_NODE_507_length_2938_cov_78.0871_ID_1013,8,J,2938
1428,J_NODE_508_length_2938_cov_1025.51_ID_1015,8,J,2938
1428,NA,11,M,2938
1429,J_NODE_509_length_2935_cov_43.6618_ID_1017,8,J,2935
1430,J_NODE_515_length_2920_cov_136.624_ID_1029,8,J,2920
1430,NA,11,M,2920
1431,J_NODE_516_length_2915_cov_45.6734_ID_1031,8,J,2915
1432,J_NODE_518_length_2900_cov_30.8429_ID_1035,8,J,2900
1434,J_NODE_522_length_2877_cov_404.529_ID_1043,8,J,2877
1434,NA,9,K,2877
1434,NA,10,L,2877
1434,NA,11,M,2877
1440,J_NODE_532_length_2861_cov_8.67463_ID_1063,8,J,2861
1441,J_NODE_537_length_2853_cov_114.797_ID_1073,8,J,2853
1443,J_NODE_540_length_2847_cov_14.798_ID_1079,8,J,2847
1443,NA,9,K,2847
1444,J_NODE_541_length_2846_cov_16.3712_ID_1081,8,J,2846
1445,J_NODE_542_length_2846_cov_18.2139_ID_1083,8,J,2846
1446,J_NODE_543_length_2846_cov_13.8861_ID_1085,8,J,2846
1447,J_NODE_544_length_2843_cov_154.105_ID_1087,8,J,2843
1449,J_NODE_548_length_2828_cov_9.86621_ID_1095,8,J,2828
1466,J_NODE_593_length_2682_cov_92.9657_ID_1185,8,J,2682
1469,J_NODE_599_length_2662_cov_62.0928_ID_1197,8,J,2662
1478,J_NODE_620_length_2621_cov_13.8005_ID_1239,8,J,2621
1485,J_NODE_633_length_2593_cov_99.9496_ID_1265,8,J,2593
1486,J_NODE_635_length_2586_cov_203.516_ID_1269,8,J,2586
1487,J_NODE_637_length_2583_cov_45.8983_ID_1273,8,J,2583
1489,J_NODE_640_length_2575_cov_5.43571_ID_1279,8,J,2575
1490,J_NODE_641_length_2564_cov_44.4635_ID_1281,8,J,2564
1493,J_NODE_648_length_2542_cov_27.9152_ID_1295,8,J,2542
1495,J_NODE_656_length_2521_cov_216.464_ID_1311,8,J,2521
1498,J_NODE_661_length_2513_cov_273.255_ID_1321,8,J,2513
1498,NA,9,K,2513
1499,J_NODE_664_length_2507_cov_70.8303_ID_1327,8,J,2507
1500,J_NODE_666_length_2506_cov_63.6659_ID_1331,8,J,2506
1502,J_NODE_670_length_2501_cov_139.311_ID_1339,8,J,2501
1502,NA,11,M,2501
1505,J_NODE_676_length_2465_cov_91.7788_ID_1351,8,J,2465
1506,J_NODE_677_length_2461_cov_19.3766_ID_1353,8,J,2461
1508,J_NODE_679_length_2459_cov_24.3998_ID_1357,8,J,2459
1509,J_NODE_682_length_2452_cov_23.277_ID_1363,8,J,2452
1513,J_NODE_689_length_2427_cov_202.484_ID_1377,8,J,2427
1515,J_NODE_694_length_2416_cov_204.553_ID_1387,8,J,2416
1516,J_NODE_698_length_2411_cov_37.615_ID_1395,8,J,2411
1519,J_NODE_701_length_2406_cov_43.8286_ID_1401,8,J,2406
1520,J_NODE_703_length_2404_cov_64.3938_ID_1405,8,J,2404
1520,NA,11,M,2404
1521,J_NODE_704_length_2399_cov_318.144_ID_1407,8,J,2399
1522,J_NODE_706_length_2397_cov_441.519_ID_1411,8,J,2397
1523,J_NODE_707_length_2397_cov_55.2007_ID_1413,8,J,2397
1524,J_NODE_708_length_2396_cov_27.9111_ID_1415,8,J,2396
1526,J_NODE_714_length_2384_cov_85.9425_ID_1427,8,J,2384
1527,J_NODE_715_length_2380_cov_60.1531_ID_1429,8,J,2380
1527,NA,9,K,2380
1528,J_NODE_717_length_2370_cov_37.9266_ID_1433,8,J,2370
1531,J_NODE_721_length_2361_cov_1087.54_ID_1441,8,J,2361
1533,J_NODE_723_length_2357_cov_8.92702_ID_1445,8,J,2357
1535,J_NODE_727_length_2347_cov_40.8106_ID_1453,8,J,2347
1537,J_NODE_733_length_2318_cov_40.411_ID_1465,8,J,2318
1539,J_NODE_735_length_2317_cov_37.5053_ID_1469,8,J,2317
1541,J_NODE_738_length_2306_cov_10.7996_ID_1475,8,J,2306
1551,J_NODE_762_length_2237_cov_89.3378_ID_1523,8,J,2237
1557,J_NODE_776_length_2213_cov_168.472_ID_1551,8,J,2213
1558,J_NODE_777_length_2210_cov_18.0343_ID_1553,8,J,2210
1559,J_NODE_779_length_2207_cov_7.33875_ID_1557,8,J,2207
1561,J_NODE_785_length_2195_cov_29.165_ID_1569,8,J,2195
1562,J_NODE_786_length_2194_cov_46.4493_ID_1571,8,J,2194
1564,J_NODE_792_length_2183_cov_15.9281_ID_1583,8,J,2183
1566,J_NODE_795_length_2182_cov_7.49318_ID_1589,8,J,2182
1569,J_NODE_802_length_2168_cov_4.61571_ID_1603,8,J,2168
1572,J_NODE_808_length_2161_cov_30.0864_ID_1615,8,J,2161
1573,J_NODE_809_length_2161_cov_38.226_ID_1617,8,J,2161
1574,J_NODE_811_length_2154_cov_150.414_ID_1621,8,J,2154
1575,J_NODE_812_length_2153_cov_26.2769_ID_1623,8,J,2153
1577,J_NODE_821_length_2136_cov_129.968_ID_1641,8,J,2136
1579,J_NODE_823_length_2130_cov_8.97108_ID_1645,8,J,2130
1580,J_NODE_824_length_2129_cov_229.109_ID_1647,8,J,2129
1581,J_NODE_828_length_2121_cov_243.143_ID_1655,8,J,2121
1582,J_NODE_832_length_2114_cov_5.81156_ID_1663,8,J,2114
1583,J_NODE_834_length_2112_cov_10.6962_ID_1667,8,J,2112
1584,J_NODE_836_length_2108_cov_43.7949_ID_1671,8,J,2108
1585,J_NODE_837_length_2106_cov_77.0361_ID_1673,8,J,2106
1586,J_NODE_838_length_2105_cov_20.8771_ID_1675,8,J,2105
1587,J_NODE_839_length_2105_cov_497.372_ID_1677,8,J,2105
1589,J_NODE_842_length_2100_cov_1422.91_ID_1683,8,J,2100
1589,NA,9,K,2100
1589,NA,10,L,2100
1589,NA,11,M,2100
1590,J_NODE_843_length_2095_cov_51.1044_ID_1685,8,J,2095
1591,J_NODE_845_length_2090_cov_170.146_ID_1689,8,J,2090
1593,J_NODE_849_length_2088_cov_7.35465_ID_1697,8,J,2088
1597,J_NODE_855_length_2073_cov_280.661_ID_1709,8,J,2073
1598,J_NODE_856_length_2072_cov_199.797_ID_1711,8,J,2072
1599,J_NODE_859_length_2069_cov_26.2269_ID_1717,8,J,2069
1603,J_NODE_868_length_2038_cov_9.43873_ID_1735,8,J,2038
1605,J_NODE_872_length_2035_cov_8.22121_ID_1743,8,J,2035
1607,J_NODE_876_length_2032_cov_10.2251_ID_1751,8,J,2032
1608,J_NODE_877_length_2031_cov_17.3325_ID_1753,8,J,2031
1613,J_NODE_893_length_2001_cov_585.642_ID_1785,8,J,2001
1614,J_NODE_894_length_2000_cov_4.51517_ID_1787,8,J,2000
1615,J_NODE_896_length_2000_cov_26.9224_ID_1791,8,J,2000
2474,K_NODE_12_length_4987_cov_25.1358_ID_23,9,K,4987
2479,K_NODE_18_length_4806_cov_12.4668_ID_35,9,K,4806
2483,K_NODE_22_length_4574_cov_18.0843_ID_43,9,K,4574
2483,NA,10,L,4574
2485,K_NODE_24_length_4383_cov_35.927_ID_47,9,K,4383
2486,K_NODE_26_length_4297_cov_60.0064_ID_51,9,K,4297
2488,K_NODE_29_length_4092_cov_10.4357_ID_57,9,K,4092
2489,K_NODE_31_length_4044_cov_44.359_ID_61,9,K,4044
2490,K_NODE_32_length_4029_cov_6.35531_ID_63,9,K,4029
2491,K_NODE_33_length_3969_cov_6.20107_ID_65,9,K,3969
2492,K_NODE_34_length_3944_cov_27.5228_ID_67,9,K,3944
2493,K_NODE_37_length_3875_cov_5.08848_ID_73,9,K,3875
2494,K_NODE_38_length_3859_cov_4.99106_ID_75,9,K,3859
2495,K_NODE_41_length_3747_cov_26.1146_ID_81,9,K,3747
2496,K_NODE_42_length_3743_cov_27.4436_ID_83,9,K,3743
2498,K_NODE_45_length_3692_cov_71.5884_ID_89,9,K,3692
2499,K_NODE_46_length_3675_cov_35.9301_ID_91,9,K,3675
2499,NA,11,M,3675
2500,K_NODE_49_length_3636_cov_15.8257_ID_97,9,K,3636
2501,K_NODE_50_length_3616_cov_5.83628_ID_99,9,K,3616
2502,K_NODE_53_length_3579_cov_17.4898_ID_105,9,K,3579
2505,K_NODE_59_length_3463_cov_27.1447_ID_117,9,K,3463
2506,K_NODE_60_length_3460_cov_7.00852_ID_119,9,K,3460
2507,K_NODE_63_length_3445_cov_25.9826_ID_125,9,K,3445
2509,K_NODE_65_length_3413_cov_28.2689_ID_129,9,K,3413
2510,K_NODE_66_length_3408_cov_26.0203_ID_131,9,K,3408
2511,K_NODE_68_length_3396_cov_8.68722_ID_135,9,K,3396
2512,K_NODE_70_length_3385_cov_13.4757_ID_139,9,K,3385
2513,K_NODE_71_length_3378_cov_5.61059_ID_141,9,K,3378
2514,K_NODE_72_length_3377_cov_13.22_ID_143,9,K,3377
2516,K_NODE_74_length_3370_cov_12.892_ID_147,9,K,3370
2516,NA,10,L,3370
2516,NA,11,M,3370
2517,K_NODE_76_length_3354_cov_4.58866_ID_151,9,K,3354
2518,K_NODE_77_length_3346_cov_3.59465_ID_153,9,K,3346
2519,K_NODE_79_length_3320_cov_23.702_ID_157,9,K,3320
2522,K_NODE_83_length_3265_cov_16.2056_ID_165,9,K,3265
2525,K_NODE_89_length_3241_cov_38.3569_ID_177,9,K,3241
2526,K_NODE_92_length_3231_cov_17.3826_ID_183,9,K,3231
2527,K_NODE_93_length_3216_cov_64.8289_ID_185,9,K,3216
2527,NA,11,M,3216
2529,K_NODE_96_length_3200_cov_13.4814_ID_191,9,K,3200
2531,K_NODE_98_length_3185_cov_3.91917_ID_195,9,K,3185
2532,K_NODE_99_length_3185_cov_482.981_ID_197,9,K,3185
2532,NA,10,L,3185
2532,NA,11,M,3185
2533,K_NODE_101_length_3159_cov_11.4697_ID_201,9,K,3159
2534,K_NODE_102_length_3147_cov_4.63131_ID_203,9,K,3147
2535,K_NODE_105_length_3077_cov_957.678_ID_209,9,K,3077
2536,K_NODE_107_length_3042_cov_570.386_ID_213,9,K,3042
2537,K_NODE_108_length_3022_cov_4.29424_ID_215,9,K,3022
2538,K_NODE_113_length_2983_cov_4.87671_ID_225,9,K,2983
2540,K_NODE_116_length_2965_cov_12.0072_ID_231,9,K,2965
2543,K_NODE_119_length_2957_cov_5.90868_ID_237,9,K,2957
2543,NA,8,J,2957
2544,K_NODE_120_length_2953_cov_16.107_ID_239,9,K,2953
2545,K_NODE_122_length_2938_cov_654.026_ID_243,9,K,2938
2545,NA,11,M,2938
2546,K_NODE_123_length_2938_cov_9.14672_ID_245,9,K,2938
2547,K_NODE_124_length_2935_cov_24.5521_ID_247,9,K,2935
2550,K_NODE_129_length_2920_cov_56.3623_ID_257,9,K,2920
2552,K_NODE_132_length_2900_cov_36.6861_ID_263,9,K,2900
2553,K_NODE_133_length_2877_cov_17.5269_ID_265,9,K,2877
2553,NA,8,J,2877
2554,K_NODE_135_length_2864_cov_2.16091_ID_269,9,K,2864
2556,K_NODE_137_length_2846_cov_3.24579_ID_273,9,K,2846
2557,K_NODE_138_length_2843_cov_53.6295_ID_275,9,K,2843
2558,K_NODE_141_length_2790_cov_300.697_ID_281,9,K,2790
2559,K_NODE_142_length_2781_cov_3.97359_ID_283,9,K,2781
2561,K_NODE_144_length_2775_cov_78.8695_ID_287,9,K,2775
2562,K_NODE_145_length_2775_cov_120.369_ID_289,9,K,2775
2563,K_NODE_150_length_2752_cov_6.16908_ID_299,9,K,2752
2564,K_NODE_152_length_2751_cov_4.78598_ID_303,9,K,2751
2564,NA,16,S,2751
2568,K_NODE_161_length_2673_cov_11.7185_ID_321,9,K,2673
2570,K_NODE_163_length_2662_cov_11.3579_ID_325,9,K,2662
2574,K_NODE_171_length_2593_cov_8.83727_ID_341,9,K,2593
2576,K_NODE_174_length_2583_cov_6.57832_ID_347,9,K,2583
2578,K_NODE_181_length_2519_cov_87.6997_ID_361,9,K,2519
2579,K_NODE_183_length_2505_cov_3.81918_ID_365,9,K,2505
2580,K_NODE_184_length_2501_cov_24.4542_ID_367,9,K,2501
2584,K_NODE_189_length_2474_cov_4.87888_ID_377,9,K,2474
2586,K_NODE_194_length_2452_cov_19.0901_ID_387,9,K,2452
2588,K_NODE_201_length_2419_cov_26.9886_ID_401,9,K,2419
2589,K_NODE_202_length_2405_cov_21.226_ID_403,9,K,2405
2591,K_NODE_204_length_2399_cov_7.16126_ID_407,9,K,2399
2592,K_NODE_205_length_2397_cov_259.191_ID_409,9,K,2397
2594,K_NODE_209_length_2384_cov_5.16273_ID_417,9,K,2384
2595,K_NODE_210_length_2381_cov_128.996_ID_419,9,K,2381
2595,NA,10,L,2381
2598,K_NODE_214_length_2357_cov_9.14379_ID_427,9,K,2357
2599,K_NODE_216_length_2348_cov_9.74095_ID_431,9,K,2348
2600,K_NODE_217_length_2347_cov_15.5109_ID_433,9,K,2347
2601,K_NODE_223_length_2324_cov_4.03746_ID_445,9,K,2324
2602,K_NODE_224_length_2321_cov_3.85305_ID_447,9,K,2321
2603,K_NODE_225_length_2320_cov_58.46_ID_449,9,K,2320
2604,K_NODE_226_length_2318_cov_53.989_ID_451,9,K,2318
2605,K_NODE_227_length_2317_cov_10.9947_ID_453,9,K,2317
2607,K_NODE_229_length_2296_cov_7.42303_ID_457,9,K,2296
2608,K_NODE_230_length_2295_cov_5.23884_ID_459,9,K,2295
2609,K_NODE_231_length_2290_cov_7.75391_ID_461,9,K,2290
2610,K_NODE_237_length_2262_cov_3.34119_ID_473,9,K,2262
2610,NA,8,J,2262
2612,K_NODE_242_length_2243_cov_40.6467_ID_483,9,K,2243
2614,K_NODE_246_length_2218_cov_8.64448_ID_491,9,K,2218
2615,K_NODE_251_length_2195_cov_2.94813_ID_501,9,K,2195
2616,K_NODE_252_length_2194_cov_6.27256_ID_503,9,K,2194
2619,K_NODE_256_length_2183_cov_4.67669_ID_511,9,K,2183
2620,K_NODE_259_length_2169_cov_10.0208_ID_517,9,K,2169
2621,K_NODE_260_length_2161_cov_6.60541_ID_519,9,K,2161
2622,K_NODE_261_length_2161_cov_48.3253_ID_521,9,K,2161
2623,K_NODE_262_length_2160_cov_43.5748_ID_523,9,K,2160
2624,K_NODE_263_length_2157_cov_98.8944_ID_525,9,K,2157
2624,NA,10,L,2157
2624,NA,11,M,2157
2625,K_NODE_265_length_2153_cov_6.12774_ID_529,9,K,2153
2626,K_NODE_266_length_2148_cov_28.9642_ID_531,9,K,2148
2626,NA,8,J,2148
2627,K_NODE_267_length_2146_cov_73.7494_ID_533,9,K,2146
2628,K_NODE_268_length_2133_cov_5.34408_ID_535,9,K,2133
2629,K_NODE_270_length_2129_cov_10.2015_ID_539,9,K,2129
2630,K_NODE_273_length_2123_cov_67.911_ID_545,9,K,2123
2631,K_NODE_274_length_2113_cov_10.1361_ID_547,9,K,2113
2633,K_NODE_276_length_2106_cov_3.46416_ID_551,9,K,2106
2634,K_NODE_277_length_2105_cov_53.2234_ID_553,9,K,2105
2635,K_NODE_278_length_2105_cov_44.7537_ID_555,9,K,2105
2636,K_NODE_279_length_2104_cov_10.287_ID_557,9,K,2104
2637,K_NODE_281_length_2094_cov_14.7499_ID_561,9,K,2094
2637,NA,8,J,2094
2638,K_NODE_283_length_2081_cov_4.54344_ID_565,9,K,2081
2639,K_NODE_285_length_2078_cov_18.8176_ID_569,9,K,2078
2640,K_NODE_286_length_2073_cov_219.212_ID_571,9,K,2073
2642,K_NODE_290_length_2065_cov_11.8886_ID_579,9,K,2065
2643,K_NODE_292_length_2064_cov_5.52464_ID_583,9,K,2064
2644,K_NODE_293_length_2060_cov_3.24788_ID_585,9,K,2060
2645,K_NODE_294_length_2060_cov_12.9586_ID_587,9,K,2060
2649,K_NODE_299_length_2048_cov_7.41295_ID_597,9,K,2048
2650,K_NODE_300_length_2047_cov_5.71335_ID_599,9,K,2047
2651,K_NODE_301_length_2042_cov_27.8978_ID_601,9,K,2042
2653,K_NODE_303_length_2038_cov_7.24054_ID_605,9,K,2038
2656,K_NODE_307_length_2002_cov_230.831_ID_613,9,K,2002
3066,L_NODE_4_length_7297_cov_5.1385_ID_7,10,L,7297
3067,L_NODE_8_length_5418_cov_13.6345_ID_15,10,L,5418
3068,L_NODE_10_length_5063_cov_21.5036_ID_19,10,L,5063
3069,L_NODE_11_length_4960_cov_39.832_ID_21,10,L,4960
3070,L_NODE_14_length_4539_cov_7.25045_ID_27,10,L,4539
3072,L_NODE_17_length_4425_cov_119.574_ID_33,10,L,4425
3073,L_NODE_21_length_4213_cov_83.4353_ID_41,10,L,4213
3075,L_NODE_24_length_4092_cov_15.3835_ID_47,10,L,4092
3076,L_NODE_25_length_4073_cov_4.97909_ID_49,10,L,4073
3077,L_NODE_27_length_4044_cov_75.3943_ID_53,10,L,4044
3078,L_NODE_29_length_3969_cov_12.3592_ID_57,10,L,3969
3079,L_NODE_30_length_3923_cov_34.8376_ID_59,10,L,3923
3081,L_NODE_32_length_3902_cov_7.9883_ID_63,10,L,3902
3083,L_NODE_38_length_3786_cov_99.7014_ID_75,10,L,3786
3084,L_NODE_39_length_3775_cov_7.92339_ID_77,10,L,3775
3085,L_NODE_40_length_3747_cov_8.21316_ID_79,10,L,3747
3086,L_NODE_41_length_3735_cov_234.708_ID_81,10,L,3735
3087,L_NODE_43_length_3731_cov_5.97905_ID_85,10,L,3731
3090,L_NODE_51_length_3602_cov_79.0953_ID_101,10,L,3602
3091,L_NODE_53_length_3576_cov_4.81142_ID_105,10,L,3576
3092,L_NODE_54_length_3573_cov_4.44542_ID_107,10,L,3573
3093,L_NODE_55_length_3561_cov_48.65_ID_109,10,L,3561
3094,L_NODE_56_length_3555_cov_12.4506_ID_111,10,L,3555
3096,L_NODE_59_length_3532_cov_8.13172_ID_117,10,L,3532
3098,L_NODE_61_length_3460_cov_9.80499_ID_121,10,L,3460
3099,L_NODE_62_length_3455_cov_37.9906_ID_123,10,L,3455
3100,L_NODE_64_length_3445_cov_3.70029_ID_127,10,L,3445
3101,L_NODE_65_length_3419_cov_4.26516_ID_129,10,L,3419
3102,L_NODE_66_length_3414_cov_13.8235_ID_131,10,L,3414
3105,L_NODE_69_length_3408_cov_4.81837_ID_137,10,L,3408
3106,L_NODE_71_length_3380_cov_21.0271_ID_141,10,L,3380
3107,L_NODE_73_length_3370_cov_55.4836_ID_145,10,L,3370
3109,L_NODE_75_length_3354_cov_4.22189_ID_149,10,L,3354
3110,L_NODE_76_length_3352_cov_11.7109_ID_151,10,L,3352
3111,L_NODE_77_length_3346_cov_2.83075_ID_153,10,L,3346
3113,L_NODE_79_length_3320_cov_12.8585_ID_157,10,L,3320
3114,L_NODE_80_length_3308_cov_475.545_ID_159,10,L,3308
3114,NA,8,J,3308
3115,L_NODE_81_length_3308_cov_22.5948_ID_161,10,L,3308
3116,L_NODE_84_length_3241_cov_5.61237_ID_167,10,L,3241
3117,L_NODE_86_length_3239_cov_27.739_ID_171,10,L,3239
3119,L_NODE_90_length_3185_cov_1414.02_ID_179,10,L,3185
3122,L_NODE_93_length_3160_cov_2819.22_ID_185,10,L,3160
3126,L_NODE_101_length_3105_cov_27.7921_ID_201,10,L,3105
3127,L_NODE_103_length_3085_cov_6.61056_ID_205,10,L,3085
3128,L_NODE_104_length_3068_cov_8.18088_ID_207,10,L,3068
3129,L_NODE_105_length_3064_cov_2064.11_ID_209,10,L,3064
3130,L_NODE_106_length_3064_cov_37.9003_ID_211,10,L,3064
3130,NA,8,J,3064
3131,L_NODE_110_length_3022_cov_4.98719_ID_219,10,L,3022
3132,L_NODE_111_length_3009_cov_19.0928_ID_221,10,L,3009
3134,L_NODE_114_length_2965_cov_16.0883_ID_227,10,L,2965
3135,L_NODE_115_length_2965_cov_28.5282_ID_229,10,L,2965
3136,L_NODE_116_length_2957_cov_16.8811_ID_231,10,L,2957
3137,L_NODE_117_length_2953_cov_12.5766_ID_233,10,L,2953
3138,L_NODE_118_length_2944_cov_5.18242_ID_235,10,L,2944
3139,L_NODE_119_length_2938_cov_46.8089_ID_237,10,L,2938
3140,L_NODE_120_length_2938_cov_421.198_ID_239,10,L,2938
3141,L_NODE_121_length_2935_cov_25.5375_ID_241,10,L,2935
3143,L_NODE_124_length_2928_cov_3.3331_ID_247,10,L,2928
3144,L_NODE_126_length_2861_cov_3.9469_ID_251,10,L,2861
3145,L_NODE_128_length_2846_cov_4.29452_ID_255,10,L,2846
3146,L_NODE_129_length_2836_cov_4.68752_ID_257,10,L,2836
3147,L_NODE_130_length_2834_cov_63.8194_ID_259,10,L,2834
3149,L_NODE_135_length_2756_cov_10.0581_ID_269,10,L,2756
3150,L_NODE_136_length_2751_cov_23.9325_ID_271,10,L,2751
3152,L_NODE_143_length_2738_cov_13.3574_ID_285,10,L,2738
3152,NA,9,K,2738
3152,NA,11,M,2738
3153,L_NODE_145_length_2730_cov_199.168_ID_289,10,L,2730
3156,L_NODE_150_length_2693_cov_127.376_ID_299,10,L,2693
3158,L_NODE_155_length_2662_cov_5.30917_ID_309,10,L,2662
3160,L_NODE_159_length_2625_cov_36.4296_ID_317,10,L,2625
3161,L_NODE_160_length_2621_cov_10.8671_ID_319,10,L,2621
3163,L_NODE_163_length_2596_cov_9.79496_ID_325,10,L,2596
3164,L_NODE_164_length_2583_cov_4.90071_ID_327,10,L,2583
3165,L_NODE_166_length_2570_cov_210.837_ID_331,10,L,2570
3167,L_NODE_168_length_2558_cov_4.9193_ID_335,10,L,2558
3169,L_NODE_171_length_2542_cov_19.1846_ID_341,10,L,2542
3170,L_NODE_177_length_2521_cov_11.968_ID_353,10,L,2521
3171,L_NODE_179_length_2508_cov_12.3547_ID_357,10,L,2508
3172,L_NODE_180_length_2507_cov_4.53263_ID_359,10,L,2507
3173,L_NODE_184_length_2465_cov_62.6415_ID_367,10,L,2465
3174,L_NODE_185_length_2455_cov_5.53708_ID_369,10,L,2455
3177,L_NODE_192_length_2411_cov_10.4312_ID_383,10,L,2411
3179,L_NODE_195_length_2399_cov_8.63012_ID_389,10,L,2399
3180,L_NODE_196_length_2397_cov_76.5013_ID_391,10,L,2397
3181,L_NODE_198_length_2384_cov_6.77888_ID_395,10,L,2384
3182,L_NODE_199_length_2378_cov_2.99225_ID_397,10,L,2378
3183,L_NODE_201_length_2373_cov_5.01337_ID_401,10,L,2373
3184,L_NODE_203_length_2347_cov_3.74346_ID_405,10,L,2347
3189,L_NODE_211_length_2295_cov_8.67768_ID_421,10,L,2295
3191,L_NODE_213_length_2283_cov_4.69838_ID_425,10,L,2283
3192,L_NODE_220_length_2229_cov_3.3896_ID_439,10,L,2229
3195,L_NODE_227_length_2182_cov_73.2995_ID_453,10,L,2182
3196,L_NODE_230_length_2161_cov_4.88557_ID_459,10,L,2161
3197,L_NODE_231_length_2160_cov_18.1819_ID_461,10,L,2160
3198,L_NODE_233_length_2157_cov_391.267_ID_465,10,L,2157
3199,L_NODE_236_length_2123_cov_27.0397_ID_471,10,L,2123
3201,L_NODE_238_length_2122_cov_12.6991_ID_475,10,L,2122
3202,L_NODE_239_length_2121_cov_21.7962_ID_477,10,L,2121
3205,L_NODE_242_length_2108_cov_217.564_ID_483,10,L,2108
3206,L_NODE_243_length_2106_cov_55.371_ID_485,10,L,2106
3207,L_NODE_244_length_2105_cov_158.31_ID_487,10,L,2105
3208,L_NODE_245_length_2100_cov_440.592_ID_489,10,L,2100
3209,L_NODE_246_length_2095_cov_18.5593_ID_491,10,L,2095
3210,L_NODE_247_length_2094_cov_33.357_ID_493,10,L,2094
3211,L_NODE_250_length_2088_cov_10.5017_ID_499,10,L,2088
3212,L_NODE_252_length_2081_cov_5.39042_ID_503,10,L,2081
3213,L_NODE_253_length_2076_cov_3.13756_ID_505,10,L,2076
3215,L_NODE_256_length_2063_cov_10.4373_ID_511,10,L,2063
3216,L_NODE_257_length_2049_cov_2.5667_ID_513,10,L,2049
3217,L_NODE_260_length_2048_cov_50.4375_ID_519,10,L,2048
3218,L_NODE_261_length_2048_cov_11.431_ID_521,10,L,2048
3219,L_NODE_264_length_2041_cov_3.61078_ID_527,10,L,2041
3220,L_NODE_265_length_2033_cov_4.28969_ID_529,10,L,2033
3222,L_NODE_273_length_2002_cov_613.347_ID_545,10,L,2002
3455,M_NODE_5_length_7296_cov_33.648_ID_9,11,M,7296
3456,M_NODE_6_length_7241_cov_171.484_ID_11,11,M,7241
3462,M_NODE_21_length_5063_cov_36.5735_ID_41,11,M,5063
3464,M_NODE_23_length_4960_cov_4.83996_ID_45,11,M,4960
3466,M_NODE_27_length_4806_cov_22.2903_ID_53,11,M,4806
3467,M_NODE_28_length_4798_cov_12.316_ID_55,11,M,4798
3471,M_NODE_36_length_4456_cov_5.75892_ID_71,11,M,4456
3475,M_NODE_41_length_4330_cov_9.90152_ID_81,11,M,4330
3476,M_NODE_42_length_4300_cov_4.1861_ID_83,11,M,4300
3479,M_NODE_48_length_4153_cov_14.7233_ID_95,11,M,4153
3480,M_NODE_50_length_4092_cov_18.978_ID_99,11,M,4092
3484,M_NODE_57_length_4021_cov_23.8273_ID_113,11,M,4021
3488,M_NODE_62_length_3945_cov_39.7483_ID_123,11,M,3945
3489,M_NODE_63_length_3944_cov_8.65544_ID_125,11,M,3944
3490,M_NODE_65_length_3922_cov_8.3773_ID_129,11,M,3922
3491,M_NODE_66_length_3875_cov_8.16754_ID_131,11,M,3875
3493,M_NODE_72_length_3786_cov_14.7054_ID_143,11,M,3786
3494,M_NODE_73_length_3786_cov_479.269_ID_145,11,M,3786
3498,M_NODE_77_length_3775_cov_9.07554_ID_153,11,M,3775
3499,M_NODE_80_length_3754_cov_21.2944_ID_159,11,M,3754
3500,M_NODE_82_length_3726_cov_12.5879_ID_163,11,M,3726
3504,M_NODE_90_length_3616_cov_16.5442_ID_179,11,M,3616
3505,M_NODE_91_length_3579_cov_10.3581_ID_181,11,M,3579
3509,M_NODE_95_length_3558_cov_17.6377_ID_189,11,M,3558
3510,M_NODE_96_length_3555_cov_7.90486_ID_191,11,M,3555
3512,M_NODE_98_length_3537_cov_45.4911_ID_195,11,M,3537
3514,M_NODE_102_length_3460_cov_20.5457_ID_203,11,M,3460
3515,M_NODE_103_length_3460_cov_63.4364_ID_205,11,M,3460
3516,M_NODE_104_length_3453_cov_17.9497_ID_207,11,M,3453
3517,M_NODE_107_length_3422_cov_24.3721_ID_213,11,M,3422
3518,M_NODE_108_length_3408_cov_207.154_ID_215,11,M,3408
3519,M_NODE_109_length_3396_cov_5.74169_ID_217,11,M,3396
3520,M_NODE_110_length_3387_cov_8.15426_ID_219,11,M,3387
3521,M_NODE_111_length_3376_cov_30.9985_ID_221,11,M,3376
3523,M_NODE_117_length_3320_cov_43.4217_ID_233,11,M,3320
3524,M_NODE_118_length_3308_cov_20.1005_ID_235,11,M,3308
3527,M_NODE_121_length_3265_cov_10.5832_ID_241,11,M,3265
3529,M_NODE_126_length_3239_cov_5.94881_ID_251,11,M,3239
3530,M_NODE_133_length_3185_cov_893.648_ID_265,11,M,3185
3531,M_NODE_134_length_3181_cov_32.0368_ID_267,11,M,3181
3532,M_NODE_138_length_3163_cov_107.218_ID_275,11,M,3163
3534,M_NODE_140_length_3159_cov_62.1685_ID_279,11,M,3159
3535,M_NODE_146_length_3124_cov_10.9065_ID_291,11,M,3124
3538,M_NODE_151_length_3068_cov_12.1162_ID_301,11,M,3068
3539,M_NODE_152_length_3064_cov_57.6364_ID_303,11,M,3064
3541,M_NODE_154_length_3037_cov_4.99229_ID_307,11,M,3037
3543,M_NODE_158_length_3028_cov_4.41036_ID_315,11,M,3028
3544,M_NODE_159_length_3025_cov_3.99192_ID_317,11,M,3025
3545,M_NODE_160_length_3009_cov_23.3619_ID_319,11,M,3009
3546,M_NODE_161_length_3003_cov_40.9976_ID_321,11,M,3003
3548,M_NODE_165_length_2965_cov_38.7643_ID_329,11,M,2965
3551,M_NODE_170_length_2938_cov_134.552_ID_339,11,M,2938
3552,M_NODE_171_length_2935_cov_23.0851_ID_341,11,M,2935
3553,M_NODE_172_length_2915_cov_6.69441_ID_343,11,M,2915
3554,M_NODE_173_length_2914_cov_47.9818_ID_345,11,M,2914
3556,M_NODE_179_length_2864_cov_6.34567_ID_357,11,M,2864
3557,M_NODE_180_length_2859_cov_11.1833_ID_359,11,M,2859
3559,M_NODE_182_length_2852_cov_10.369_ID_363,11,M,2852
3559,NA,8,J,2852
3560,M_NODE_183_length_2846_cov_3.8857_ID_365,11,M,2846
3562,M_NODE_185_length_2832_cov_94.0018_ID_369,11,M,2832
3565,M_NODE_191_length_2766_cov_6.49723_ID_381,11,M,2766
3566,M_NODE_195_length_2756_cov_9.73973_ID_389,11,M,2756
3567,M_NODE_197_length_2752_cov_96.4828_ID_393,11,M,2752
3568,M_NODE_198_length_2751_cov_22.1958_ID_395,11,M,2751
3570,M_NODE_201_length_2729_cov_4.19185_ID_401,11,M,2729
3575,M_NODE_210_length_2679_cov_22.2614_ID_419,11,M,2679
3576,M_NODE_211_length_2676_cov_1027.49_ID_421,11,M,2676
3576,NA,8,J,2676
3577,M_NODE_212_length_2673_cov_5.13866_ID_423,11,M,2673
3579,M_NODE_215_length_2662_cov_14.9175_ID_429,11,M,2662
3580,M_NODE_219_length_2625_cov_12.6603_ID_437,11,M,2625
3581,M_NODE_221_length_2616_cov_7.82585_ID_441,11,M,2616
3582,M_NODE_223_length_2612_cov_262.549_ID_445,11,M,2612
3583,M_NODE_224_length_2583_cov_5.83426_ID_447,11,M,2583
3584,M_NODE_225_length_2582_cov_9.21686_ID_449,11,M,2582
3585,M_NODE_226_length_2579_cov_6.04398_ID_451,11,M,2579
3587,M_NODE_238_length_2521_cov_69.2903_ID_475,11,M,2521
3588,M_NODE_242_length_2508_cov_48.3596_ID_483,11,M,2508
3589,M_NODE_245_length_2501_cov_88.6419_ID_489,11,M,2501
3591,M_NODE_250_length_2465_cov_30.1365_ID_499,11,M,2465
3593,M_NODE_254_length_2461_cov_3.55694_ID_507,11,M,2461
3594,M_NODE_255_length_2460_cov_3.66611_ID_509,11,M,2460
3595,M_NODE_256_length_2455_cov_88.9537_ID_511,11,M,2455
3598,M_NODE_264_length_2411_cov_24.4261_ID_527,11,M,2411
3600,M_NODE_266_length_2405_cov_18.6898_ID_531,11,M,2405
3601,M_NODE_268_length_2399_cov_25.7986_ID_535,11,M,2399
3602,M_NODE_269_length_2398_cov_6.66155_ID_537,11,M,2398
3603,M_NODE_270_length_2397_cov_7.13493_ID_539,11,M,2397
3604,M_NODE_271_length_2397_cov_14.1597_ID_541,11,M,2397
3605,M_NODE_273_length_2384_cov_11.8931_ID_545,11,M,2384
3608,M_NODE_280_length_2348_cov_14.8661_ID_559,11,M,2348
3609,M_NODE_281_length_2347_cov_6.22077_ID_561,11,M,2347
3610,M_NODE_284_length_2327_cov_34.0031_ID_567,11,M,2327
3611,M_NODE_287_length_2318_cov_29.6385_ID_573,11,M,2318
3612,M_NODE_288_length_2307_cov_11.9702_ID_575,11,M,2307
3614,M_NODE_293_length_2283_cov_6.87433_ID_585,11,M,2283
3615,M_NODE_295_length_2269_cov_7.39883_ID_589,11,M,2269
3616,M_NODE_296_length_2262_cov_4.6928_ID_591,11,M,2262
3619,M_NODE_307_length_2210_cov_5.91415_ID_613,11,M,2210
3620,M_NODE_309_length_2202_cov_17.4071_ID_617,11,M,2202
3622,M_NODE_313_length_2194_cov_29.6924_ID_625,11,M,2194
3623,M_NODE_315_length_2183_cov_16.6668_ID_629,11,M,2183
3624,M_NODE_316_length_2182_cov_8.82087_ID_631,11,M,2182
3625,M_NODE_317_length_2181_cov_11.5071_ID_633,11,M,2181
3627,M_NODE_322_length_2161_cov_74.1059_ID_643,11,M,2161
3628,M_NODE_324_length_2157_cov_935.33_ID_647,11,M,2157
3629,M_NODE_326_length_2147_cov_7.79732_ID_651,11,M,2147
3631,M_NODE_332_length_2136_cov_4.25228_ID_663,11,M,2136
3632,M_NODE_334_length_2124_cov_15.0503_ID_667,11,M,2124
3633,M_NODE_337_length_2116_cov_152.792_ID_673,11,M,2116
3634,M_NODE_339_length_2112_cov_4.97229_ID_677,11,M,2112
3635,M_NODE_341_length_2108_cov_27.5923_ID_681,11,M,2108
3637,M_NODE_343_length_2106_cov_23.351_ID_685,11,M,2106
3638,M_NODE_344_length_2105_cov_144.256_ID_687,11,M,2105
3639,M_NODE_345_length_2104_cov_7.51879_ID_689,11,M,2104
3640,M_NODE_346_length_2103_cov_39.0176_ID_691,11,M,2103
3641,M_NODE_350_length_2095_cov_20.4833_ID_699,11,M,2095
3642,M_NODE_353_length_2090_cov_6.54889_ID_705,11,M,2090
3644,M_NODE_357_length_2072_cov_9.55825_ID_713,11,M,2072
3645,M_NODE_361_length_2048_cov_12.2398_ID_721,11,M,2048
3647,M_NODE_365_length_2038_cov_5.72012_ID_729,11,M,2038
3651,M_NODE_375_length_2007_cov_2.57326_ID_749,11,M,2007
3652,M_NODE_376_length_2002_cov_721.006_ID_751,11,M,2002
3952,N_NODE_1_length_6709_cov_37.991_ID_1,12,N,6709
3952,NA,4,F,6709
3952,NA,16,S,6709
3952,NA,18,U,6709
3957,N_NODE_22_length_4377_cov_5.08723_ID_43,12,N,4377
3959,N_NODE_27_length_4100_cov_18.8932_ID_53,12,N,4100
3963,N_NODE_36_length_3817_cov_22.3147_ID_71,12,N,3817
3965,N_NODE_39_length_3766_cov_21.8076_ID_77,12,N,3766
3966,N_NODE_40_length_3753_cov_18.9602_ID_79,12,N,3753
3971,N_NODE_46_length_3664_cov_10.9704_ID_91,12,N,3664
3972,N_NODE_47_length_3658_cov_11.9392_ID_93,12,N,3658
3973,N_NODE_49_length_3645_cov_23.546_ID_97,12,N,3645
3976,N_NODE_56_length_3595_cov_15.8023_ID_111,12,N,3595
3977,N_NODE_59_length_3573_cov_60.2607_ID_117,12,N,3573
3977,NA,16,S,3573
3984,N_NODE_68_length_3463_cov_3.40874_ID_135,12,N,3463
3989,N_NODE_74_length_3410_cov_4.26438_ID_147,12,N,3410
3990,N_NODE_76_length_3385_cov_14.0508_ID_151,12,N,3385
3991,N_NODE_79_length_3355_cov_10.3809_ID_157,12,N,3355
3994,N_NODE_83_length_3308_cov_6.88318_ID_165,12,N,3308
3996,N_NODE_86_length_3279_cov_5.99752_ID_171,12,N,3279
4000,N_NODE_90_length_3255_cov_10.5628_ID_179,12,N,3255
4001,N_NODE_93_length_3212_cov_4.48844_ID_185,12,N,3212
4002,N_NODE_95_length_3207_cov_22.6577_ID_189,12,N,3207
4005,N_NODE_103_length_3166_cov_12.5931_ID_205,12,N,3166
4007,N_NODE_105_length_3163_cov_49.1937_ID_209,12,N,3163
4008,N_NODE_108_length_3143_cov_13.419_ID_215,12,N,3143
4009,N_NODE_110_length_3133_cov_4.40286_ID_219,12,N,3133
4010,N_NODE_114_length_3115_cov_4.09641_ID_227,12,N,3115
4011,N_NODE_118_length_3096_cov_192.299_ID_235,12,N,3096
4012,N_NODE_119_length_3088_cov_8.17211_ID_237,12,N,3088
4014,N_NODE_122_length_3066_cov_5.90966_ID_243,12,N,3066
4015,N_NODE_123_length_3054_cov_7.41247_ID_245,12,N,3054
4016,N_NODE_126_length_3031_cov_3.84879_ID_251,12,N,3031
4017,N_NODE_131_length_3001_cov_2.43143_ID_261,12,N,3001
4019,N_NODE_133_length_2989_cov_3.24233_ID_265,12,N,2989
4020,N_NODE_134_length_2985_cov_4.71024_ID_267,12,N,2985
4021,N_NODE_136_length_2984_cov_32.9597_ID_271,12,N,2984
4023,N_NODE_142_length_2911_cov_41.381_ID_283,12,N,2911
4024,N_NODE_143_length_2900_cov_4.03691_ID_285,12,N,2900
4026,N_NODE_146_length_2873_cov_13.4613_ID_291,12,N,2873
4028,N_NODE_149_length_2857_cov_13.2573_ID_297,12,N,2857
4029,N_NODE_150_length_2850_cov_21.1288_ID_299,12,N,2850
4032,N_NODE_157_length_2837_cov_5.19626_ID_313,12,N,2837
4033,N_NODE_158_length_2835_cov_112.126_ID_315,12,N,2835
4035,N_NODE_160_length_2829_cov_9.5894_ID_319,12,N,2829
4036,N_NODE_161_length_2808_cov_8.95532_ID_321,12,N,2808
4037,N_NODE_164_length_2797_cov_24.8796_ID_327,12,N,2797
4040,N_NODE_169_length_2771_cov_17.1123_ID_337,12,N,2771
4042,N_NODE_175_length_2746_cov_32.874_ID_349,12,N,2746
4043,N_NODE_176_length_2745_cov_5.52416_ID_351,12,N,2745
4045,N_NODE_181_length_2730_cov_4.85346_ID_361,12,N,2730
4047,N_NODE_184_length_2710_cov_185.386_ID_367,12,N,2710
4048,N_NODE_186_length_2705_cov_11.4306_ID_371,12,N,2705
4052,N_NODE_194_length_2648_cov_5.82106_ID_387,12,N,2648
4054,N_NODE_196_length_2633_cov_16.8472_ID_391,12,N,2633
4055,N_NODE_197_length_2621_cov_111.254_ID_393,12,N,2621
4056,N_NODE_198_length_2620_cov_7.0924_ID_395,12,N,2620
4057,N_NODE_199_length_2618_cov_5.56691_ID_397,12,N,2618
4058,N_NODE_200_length_2608_cov_33.5213_ID_399,12,N,2608
4059,N_NODE_201_length_2606_cov_7.56174_ID_401,12,N,2606
4060,N_NODE_206_length_2594_cov_40.3505_ID_411,12,N,2594
4062,N_NODE_214_length_2573_cov_15.5814_ID_427,12,N,2573
4064,N_NODE_216_length_2568_cov_6.04099_ID_431,12,N,2568
4065,N_NODE_222_length_2542_cov_51.1238_ID_443,12,N,2542
4066,N_NODE_224_length_2534_cov_38.5543_ID_447,12,N,2534
4068,N_NODE_228_length_2510_cov_11.9169_ID_455,12,N,2510
4070,N_NODE_232_length_2487_cov_43.9979_ID_463,12,N,2487
4071,N_NODE_236_length_2479_cov_179.702_ID_471,12,N,2479
4072,N_NODE_238_length_2474_cov_23.9603_ID_475,12,N,2474
4075,N_NODE_247_length_2446_cov_6.2476_ID_493,12,N,2446
4082,N_NODE_260_length_2415_cov_6.30042_ID_519,12,N,2415
4083,N_NODE_261_length_2409_cov_6.47154_ID_521,12,N,2409
4084,N_NODE_262_length_2409_cov_4.64528_ID_523,12,N,2409
4085,N_NODE_263_length_2409_cov_3.7124_ID_525,12,N,2409
4086,N_NODE_264_length_2406_cov_59.1821_ID_527,12,N,2406
4087,N_NODE_265_length_2406_cov_7.9681_ID_529,12,N,2406
4088,N_NODE_266_length_2395_cov_5.87991_ID_531,12,N,2395
4089,N_NODE_267_length_2392_cov_185.166_ID_533,12,N,2392
4090,N_NODE_272_length_2376_cov_39.4653_ID_543,12,N,2376
4091,N_NODE_273_length_2373_cov_4.82183_ID_545,12,N,2373
4093,N_NODE_275_length_2365_cov_244.291_ID_549,12,N,2365
4094,N_NODE_276_length_2365_cov_7.87965_ID_551,12,N,2365
4095,N_NODE_277_length_2362_cov_61.642_ID_553,12,N,2362
4096,N_NODE_278_length_2360_cov_5.55271_ID_555,12,N,2360
4097,N_NODE_280_length_2358_cov_14.3105_ID_559,12,N,2358
4098,N_NODE_281_length_2356_cov_11.7475_ID_561,12,N,2356
4100,N_NODE_285_length_2345_cov_46.217_ID_569,12,N,2345
4101,N_NODE_286_length_2343_cov_70.8274_ID_571,12,N,2343
4102,N_NODE_287_length_2340_cov_18.0389_ID_573,12,N,2340
4103,N_NODE_289_length_2328_cov_16.5913_ID_577,12,N,2328
4105,N_NODE_292_length_2305_cov_47.9649_ID_583,12,N,2305
4107,N_NODE_294_length_2300_cov_6.14967_ID_587,12,N,2300
4108,N_NODE_296_length_2295_cov_28.0268_ID_591,12,N,2295
4109,N_NODE_297_length_2293_cov_4.08981_ID_593,12,N,2293
4110,N_NODE_298_length_2292_cov_39.9039_ID_595,12,N,2292
4111,N_NODE_302_length_2283_cov_5.58303_ID_603,12,N,2283
4113,N_NODE_304_length_2277_cov_7.44014_ID_607,12,N,2277
4115,N_NODE_306_length_2274_cov_46.1857_ID_611,12,N,2274
4116,N_NODE_307_length_2270_cov_18.7255_ID_613,12,N,2270
4118,N_NODE_309_length_2249_cov_45.2771_ID_617,12,N,2249
4118,NA,22,Y,2249
4119,N_NODE_314_length_2242_cov_7.27572_ID_627,12,N,2242
4120,N_NODE_317_length_2227_cov_6.37845_ID_633,12,N,2227
4123,N_NODE_324_length_2212_cov_3.66898_ID_647,12,N,2212
4124,N_NODE_325_length_2212_cov_2.23319_ID_649,12,N,2212
4125,N_NODE_328_length_2208_cov_54.2387_ID_655,12,N,2208
4126,N_NODE_329_length_2203_cov_6.14292_ID_657,12,N,2203
4130,N_NODE_335_length_2183_cov_69.6593_ID_669,12,N,2183
4131,N_NODE_339_length_2167_cov_5.86316_ID_677,12,N,2167
4132,N_NODE_340_length_2166_cov_6.67551_ID_679,12,N,2166
4132,NA,16,S,2166
4132,NA,18,U,2166
4135,N_NODE_345_length_2157_cov_5.69886_ID_689,12,N,2157
4135,NA,11,M,2157
4136,N_NODE_349_length_2146_cov_29.2473_ID_697,12,N,2146
4137,N_NODE_351_length_2142_cov_3.74461_ID_701,12,N,2142
4138,N_NODE_352_length_2137_cov_11.8156_ID_703,12,N,2137
4140,N_NODE_355_length_2134_cov_10.5406_ID_709,12,N,2134
4141,N_NODE_357_length_2114_cov_4.7795_ID_713,12,N,2114
4142,N_NODE_358_length_2104_cov_49.6349_ID_715,12,N,2104
4143,N_NODE_361_length_2100_cov_15.7345_ID_721,12,N,2100
4144,N_NODE_363_length_2091_cov_71.8418_ID_725,12,N,2091
4146,N_NODE_365_length_2088_cov_19.4806_ID_729,12,N,2088
4148,N_NODE_371_length_2075_cov_4.66238_ID_741,12,N,2075
4149,N_NODE_372_length_2072_cov_5.79921_ID_743,12,N,2072
4150,N_NODE_373_length_2070_cov_13.1186_ID_745,12,N,2070
4151,N_NODE_374_length_2063_cov_6.92331_ID_747,12,N,2063
4152,N_NODE_376_length_2056_cov_18.8916_ID_751,12,N,2056
4154,N_NODE_379_length_2054_cov_6.44822_ID_757,12,N,2054
4155,N_NODE_383_length_2046_cov_3.00854_ID_765,12,N,2046
4156,N_NODE_385_length_2039_cov_42.8377_ID_769,12,N,2039
4157,N_NODE_390_length_2027_cov_49.0188_ID_779,12,N,2027
4160,N_NODE_394_length_2013_cov_4.44995_ID_787,12,N,2013
4543,O_NODE_4_length_6829_cov_80.1718_ID_7,13,O,6829
4543,NA,16,S,6829
4543,NA,22,Y,6829
4550,O_NODE_29_length_3374_cov_5.38114_ID_57,13,O,3374
4553,O_NODE_39_length_3089_cov_9.24324_ID_77,13,O,3089
4554,O_NODE_40_length_3066_cov_4.28894_ID_79,13,O,3066
4555,O_NODE_41_length_3058_cov_123.456_ID_81,13,O,3058
4555,NA,1,A,3058
4555,NA,21,X,3058
4556,O_NODE_43_length_3019_cov_3.69636_ID_85,13,O,3019
4558,O_NODE_45_length_2989_cov_3.39162_ID_89,13,O,2989
4559,O_NODE_46_length_2985_cov_2.49352_ID_91,13,O,2985
4560,O_NODE_47_length_2984_cov_16.0399_ID_93,13,O,2984
4563,O_NODE_54_length_2906_cov_39.4184_ID_107,13,O,2906
4564,O_NODE_55_length_2899_cov_36.4473_ID_109,13,O,2899
4568,O_NODE_60_length_2809_cov_5.80247_ID_119,13,O,2809
4570,O_NODE_66_length_2746_cov_3.32256_ID_131,13,O,2746
4571,O_NODE_67_length_2745_cov_5.14238_ID_133,13,O,2745
4572,O_NODE_70_length_2729_cov_33.9016_ID_139,13,O,2729
4572,NA,21,X,2729
4574,O_NODE_74_length_2705_cov_45.0294_ID_147,13,O,2705
4575,O_NODE_78_length_2683_cov_3.50381_ID_155,13,O,2683
4577,O_NODE_80_length_2658_cov_24.7027_ID_159,13,O,2658
4578,O_NODE_81_length_2651_cov_23.9669_ID_161,13,O,2651
4578,NA,16,S,2651
4581,O_NODE_84_length_2629_cov_21.1962_ID_167,13,O,2629
4582,O_NODE_86_length_2623_cov_4.82632_ID_171,13,O,2623
4585,O_NODE_89_length_2611_cov_3.39437_ID_177,13,O,2611
4586,O_NODE_90_length_2608_cov_11.0368_ID_179,13,O,2608
4589,O_NODE_93_length_2594_cov_4.29421_ID_185,13,O,2594
4592,O_NODE_96_length_2573_cov_11.2728_ID_191,13,O,2573
4593,O_NODE_97_length_2570_cov_53.6064_ID_193,13,O,2570
4595,O_NODE_99_length_2539_cov_2.93398_ID_197,13,O,2539
4598,O_NODE_104_length_2491_cov_8.80542_ID_207,13,O,2491
4599,O_NODE_105_length_2487_cov_3.38487_ID_209,13,O,2487
4600,O_NODE_106_length_2476_cov_5.85543_ID_211,13,O,2476
4601,O_NODE_108_length_2472_cov_19.0521_ID_215,13,O,2472
4601,NA,16,S,2472
4604,O_NODE_114_length_2456_cov_26.2511_ID_227,13,O,2456
4605,O_NODE_115_length_2447_cov_8.67433_ID_229,13,O,2447
4606,O_NODE_116_length_2429_cov_43.2506_ID_231,13,O,2429
4607,O_NODE_118_length_2415_cov_17.6195_ID_235,13,O,2415
4608,O_NODE_119_length_2400_cov_18.2507_ID_237,13,O,2400
4609,O_NODE_120_length_2397_cov_8.36422_ID_239,13,O,2397
4610,O_NODE_125_length_2376_cov_6.26885_ID_249,13,O,2376
4612,O_NODE_128_length_2366_cov_5.34055_ID_255,13,O,2366
4613,O_NODE_129_length_2359_cov_12.931_ID_257,13,O,2359
4616,O_NODE_132_length_2343_cov_2.68881_ID_263,13,O,2343
4618,O_NODE_138_length_2316_cov_3.58824_ID_275,13,O,2316
4619,O_NODE_139_length_2312_cov_82.3434_ID_277,13,O,2312
4620,O_NODE_141_length_2306_cov_10.6508_ID_281,13,O,2306
4621,O_NODE_142_length_2293_cov_4.1412_ID_283,13,O,2293
4623,O_NODE_144_length_2274_cov_9.35692_ID_287,13,O,2274
4625,O_NODE_149_length_2249_cov_2.18687_ID_297,13,O,2249
4626,O_NODE_150_length_2249_cov_1.84458_ID_299,13,O,2249
4628,O_NODE_153_length_2242_cov_40.7581_ID_305,13,O,2242
4630,O_NODE_156_length_2208_cov_3.75801_ID_311,13,O,2208
4633,O_NODE_164_length_2179_cov_23.4958_ID_327,13,O,2179
4635,O_NODE_167_length_2137_cov_3.51537_ID_333,13,O,2137
4636,O_NODE_169_length_2128_cov_14.7564_ID_337,13,O,2128
4638,O_NODE_172_length_2114_cov_13.0223_ID_343,13,O,2114
4640,O_NODE_174_length_2100_cov_4.81956_ID_347,13,O,2100
4642,O_NODE_179_length_2074_cov_3.53938_ID_357,13,O,2074
4643,O_NODE_180_length_2072_cov_22.0545_ID_359,13,O,2072
4646,O_NODE_183_length_2063_cov_3.21863_ID_365,13,O,2063
4647,O_NODE_184_length_2060_cov_19.6125_ID_367,13,O,2060
4649,O_NODE_186_length_2054_cov_2.6018_ID_371,13,O,2054
4650,O_NODE_188_length_2021_cov_13.7808_ID_375,13,O,2021
4651,O_NODE_189_length_2017_cov_10.8843_ID_377,13,O,2017
4652,O_NODE_190_length_2017_cov_8.69011_ID_379,13,O,2017
5043,P_NODE_27_length_2278_cov_6.21188_ID_53,14,P,2278
5045,P_NODE_29_length_2208_cov_6.16117_ID_57,14,P,2208
5073,Q_NODE_10_length_3151_cov_33.4096_ID_19,15,Q,3151
5074,Q_NODE_12_length_2855_cov_3.83786_ID_23,15,Q,2855
5075,Q_NODE_16_length_2731_cov_16.8378_ID_31,15,Q,2731
5076,Q_NODE_17_length_2719_cov_4.3232_ID_33,15,Q,2719
5078,Q_NODE_19_length_2628_cov_9.00389_ID_37,15,Q,2628
5079,Q_NODE_20_length_2625_cov_5.37782_ID_39,15,Q,2625
5080,Q_NODE_21_length_2580_cov_2.25069_ID_41,15,Q,2580
5081,Q_NODE_22_length_2568_cov_3.39952_ID_43,15,Q,2568
5083,Q_NODE_29_length_2413_cov_2.69678_ID_57,15,Q,2413
5084,Q_NODE_30_length_2377_cov_3.10508_ID_59,15,Q,2377
5085,Q_NODE_31_length_2356_cov_39.794_ID_61,15,Q,2356
5087,Q_NODE_37_length_2218_cov_4.77624_ID_73,15,Q,2218
5088,Q_NODE_38_length_2209_cov_6.67502_ID_75,15,Q,2209
5089,Q_NODE_41_length_2078_cov_6.8611_ID_81,15,Q,2078
5090,Q_NODE_42_length_2075_cov_3.98416_ID_83,15,Q,2075
5091,Q_NODE_44_length_2046_cov_6.98493_ID_87,15,Q,2046
5092,Q_NODE_46_length_2032_cov_4.95953_ID_91,15,Q,2032
5093,Q_NODE_47_length_2031_cov_2.94534_ID_93,15,Q,2031
5094,Q_NODE_48_length_2017_cov_43.4776_ID_95,15,Q,2017
5095,Q_NODE_50_length_2004_cov_10.197_ID_99,15,Q,2004
5248,S_NODE_54_length_4547_cov_23.1636_ID_107,16,S,4547
5257,S_NODE_92_length_3461_cov_4.17733_ID_183,16,S,3461
5258,S_NODE_93_length_3434_cov_465.775_ID_185,16,S,3434
5260,S_NODE_97_length_3379_cov_19.5403_ID_193,16,S,3379
5262,S_NODE_100_length_3375_cov_53.8723_ID_199,16,S,3375
5263,S_NODE_101_length_3374_cov_8.9075_ID_201,16,S,3374
5264,S_NODE_104_length_3336_cov_7.36635_ID_207,16,S,3336
5265,S_NODE_106_length_3308_cov_7.44728_ID_211,16,S,3308
5266,S_NODE_108_length_3304_cov_8.64481_ID_215,16,S,3304
5267,S_NODE_110_length_3271_cov_199.621_ID_219,16,S,3271
5269,S_NODE_117_length_3242_cov_4.89583_ID_233,16,S,3242
5270,S_NODE_119_length_3229_cov_15.6355_ID_237,16,S,3229
5272,S_NODE_127_length_3130_cov_14.0237_ID_253,16,S,3130
5276,S_NODE_132_length_3104_cov_11.3516_ID_263,16,S,3104
5278,S_NODE_134_length_3058_cov_20.629_ID_267,16,S,3058
5280,S_NODE_141_length_2977_cov_597.122_ID_281,16,S,2977
5282,S_NODE_150_length_2906_cov_4.04981_ID_299,16,S,2906
5283,S_NODE_152_length_2888_cov_3.86304_ID_303,16,S,2888
5286,S_NODE_158_length_2873_cov_43.9418_ID_315,16,S,2873
5286,NA,11,M,2873
5287,S_NODE_164_length_2855_cov_44.6961_ID_327,16,S,2855
5288,S_NODE_166_length_2837_cov_12.3684_ID_331,16,S,2837
5289,S_NODE_167_length_2829_cov_16.1406_ID_333,16,S,2829
5290,S_NODE_169_length_2797_cov_4.58023_ID_337,16,S,2797
5293,S_NODE_176_length_2752_cov_24.2762_ID_351,16,S,2752
5294,S_NODE_178_length_2746_cov_5.15533_ID_355,16,S,2746
5296,S_NODE_181_length_2718_cov_8.67142_ID_361,16,S,2718
5300,S_NODE_188_length_2645_cov_185.298_ID_375,16,S,2645
5301,S_NODE_189_length_2633_cov_14.524_ID_377,16,S,2633
5302,S_NODE_190_length_2625_cov_26.4128_ID_379,16,S,2625
5303,S_NODE_191_length_2615_cov_10.2133_ID_381,16,S,2615
5304,S_NODE_192_length_2610_cov_22.8223_ID_383,16,S,2610
5305,S_NODE_193_length_2608_cov_19.1026_ID_385,16,S,2608
5307,S_NODE_195_length_2596_cov_5.70445_ID_389,16,S,2596
5312,S_NODE_204_length_2570_cov_78.6584_ID_407,16,S,2570
5315,S_NODE_213_length_2543_cov_13.3183_ID_425,16,S,2543
5316,S_NODE_214_length_2543_cov_8.94293_ID_427,16,S,2543
5317,S_NODE_215_length_2542_cov_48.8685_ID_429,16,S,2542
5318,S_NODE_216_length_2540_cov_4.76258_ID_431,16,S,2540
5319,S_NODE_220_length_2494_cov_10.7737_ID_439,16,S,2494
5321,S_NODE_223_length_2487_cov_11.4675_ID_445,16,S,2487
5322,S_NODE_224_length_2482_cov_25.5624_ID_447,16,S,2482
5325,S_NODE_228_length_2455_cov_8.22167_ID_455,16,S,2455
5326,S_NODE_229_length_2443_cov_7.52387_ID_457,16,S,2443
5327,S_NODE_232_length_2429_cov_18.888_ID_463,16,S,2429
5331,S_NODE_241_length_2397_cov_17.1896_ID_481,16,S,2397
5333,S_NODE_243_length_2390_cov_12.3058_ID_485,16,S,2390
5335,S_NODE_245_length_2380_cov_230.066_ID_489,16,S,2380
5336,S_NODE_246_length_2376_cov_10.5605_ID_491,16,S,2376
5337,S_NODE_249_length_2365_cov_6.30043_ID_497,16,S,2365
5338,S_NODE_251_length_2359_cov_15.8767_ID_501,16,S,2359
5339,S_NODE_252_length_2345_cov_7.13231_ID_503,16,S,2345
5341,S_NODE_257_length_2318_cov_23.4158_ID_513,16,S,2318
5342,S_NODE_261_length_2311_cov_28.0607_ID_521,16,S,2311
5344,S_NODE_264_length_2303_cov_6.80472_ID_527,16,S,2303
5345,S_NODE_266_length_2293_cov_5.19124_ID_531,16,S,2293
5346,S_NODE_268_length_2292_cov_19.9253_ID_535,16,S,2292
5348,S_NODE_271_length_2281_cov_18.3311_ID_541,16,S,2281
5349,S_NODE_273_length_2277_cov_10.4037_ID_545,16,S,2277
5353,S_NODE_278_length_2248_cov_7.5782_ID_555,16,S,2248
5355,S_NODE_282_length_2232_cov_5.34313_ID_563,16,S,2232
5358,S_NODE_285_length_2212_cov_18.6393_ID_569,16,S,2212
5359,S_NODE_286_length_2208_cov_10.4138_ID_571,16,S,2208
5360,S_NODE_287_length_2206_cov_12.2669_ID_573,16,S,2206
5361,S_NODE_288_length_2203_cov_29.1518_ID_575,16,S,2203
5364,S_NODE_294_length_2183_cov_7.11278_ID_587,16,S,2183
5365,S_NODE_295_length_2179_cov_2.71516_ID_589,16,S,2179
5366,S_NODE_296_length_2178_cov_4.78474_ID_591,16,S,2178
5368,S_NODE_304_length_2134_cov_9.05291_ID_607,16,S,2134
5369,S_NODE_308_length_2125_cov_9.6256_ID_615,16,S,2125
5370,S_NODE_309_length_2122_cov_13.1185_ID_617,16,S,2122
5371,S_NODE_311_length_2112_cov_41.5746_ID_621,16,S,2112
5373,S_NODE_315_length_2091_cov_15.9018_ID_629,16,S,2091
5375,S_NODE_320_length_2077_cov_3.44461_ID_639,16,S,2077
5376,S_NODE_321_length_2076_cov_14.0208_ID_641,16,S,2076
5377,S_NODE_322_length_2074_cov_841.57_ID_643,16,S,2074
5378,S_NODE_324_length_2072_cov_92.7853_ID_647,16,S,2072
5379,S_NODE_326_length_2070_cov_14.1519_ID_651,16,S,2070
5380,S_NODE_329_length_2065_cov_9.87264_ID_657,16,S,2065
5383,S_NODE_333_length_2056_cov_4.50725_ID_665,16,S,2056
5386,S_NODE_339_length_2041_cov_11.8872_ID_677,16,S,2041
5387,S_NODE_340_length_2038_cov_3.76198_ID_679,16,S,2038
5389,S_NODE_345_length_2032_cov_36.2888_ID_689,16,S,2032
5391,S_NODE_347_length_2017_cov_91.1519_ID_693,16,S,2017
5392,S_NODE_348_length_2013_cov_8.46272_ID_695,16,S,2013
5393,S_NODE_349_length_2012_cov_4.47062_ID_697,16,S,2012
5394,S_NODE_351_length_2005_cov_7.90462_ID_701,16,S,2005
5395,S_NODE_352_length_2004_cov_53.2114_ID_703,16,S,2004
5983,T_NODE_3_length_6709_cov_372.865_ID_5,17,T,6709
5984,T_NODE_5_length_6320_cov_7.6838_ID_9,17,T,6320
5986,T_NODE_12_length_4887_cov_15.8317_ID_23,17,T,4887
5986,NA,12,N,4887
5987,T_NODE_13_length_4565_cov_6.2_ID_25,17,T,4565
5987,NA,12,N,4565
5990,T_NODE_25_length_3928_cov_50.5167_ID_49,17,T,3928
5991,T_NODE_27_length_3819_cov_13.1323_ID_53,17,T,3819
5993,T_NODE_32_length_3753_cov_7.9351_ID_63,17,T,3753
5998,T_NODE_40_length_3648_cov_71.6869_ID_79,17,T,3648
6000,T_NODE_42_length_3620_cov_39.4154_ID_83,17,T,3620
6001,T_NODE_43_length_3582_cov_159.707_ID_85,17,T,3582
6004,T_NODE_50_length_3461_cov_9.55666_ID_99,17,T,3461
6006,T_NODE_55_length_3385_cov_14.703_ID_109,17,T,3385
6007,T_NODE_56_length_3376_cov_3.63264_ID_111,17,T,3376
6008,T_NODE_57_length_3373_cov_43.3975_ID_113,17,T,3373
6009,T_NODE_58_length_3309_cov_13.2028_ID_115,17,T,3309
6010,T_NODE_59_length_3279_cov_3.46867_ID_117,17,T,3279
6012,T_NODE_63_length_3181_cov_10.8429_ID_125,17,T,3181
6014,T_NODE_68_length_3143_cov_5.79242_ID_135,17,T,3143
6015,T_NODE_71_length_3136_cov_43.0526_ID_141,17,T,3136
6017,T_NODE_74_length_3088_cov_16.4355_ID_147,17,T,3088
6019,T_NODE_78_length_3066_cov_13.2039_ID_155,17,T,3066
6022,T_NODE_82_length_3055_cov_82.6427_ID_163,17,T,3055
6023,T_NODE_83_length_3045_cov_8.48528_ID_165,17,T,3045
6024,T_NODE_85_length_3032_cov_20.5838_ID_169,17,T,3032
6026,T_NODE_87_length_3029_cov_15.85_ID_173,17,T,3029
6027,T_NODE_90_length_2989_cov_22.9175_ID_179,17,T,2989
6028,T_NODE_92_length_2967_cov_89.9808_ID_183,17,T,2967
6029,T_NODE_93_length_2967_cov_131.308_ID_185,17,T,2967
6030,T_NODE_102_length_2906_cov_33.7948_ID_203,17,T,2906
6034,T_NODE_112_length_2849_cov_791.123_ID_223,17,T,2849
6036,T_NODE_114_length_2832_cov_253.656_ID_227,17,T,2832
6037,T_NODE_115_length_2820_cov_15.4955_ID_229,17,T,2820
6039,T_NODE_120_length_2771_cov_8.8704_ID_239,17,T,2771
6040,T_NODE_125_length_2746_cov_24.6169_ID_249,17,T,2746
6042,T_NODE_130_length_2718_cov_37.4435_ID_259,17,T,2718
6043,T_NODE_134_length_2683_cov_7.27283_ID_267,17,T,2683
6044,T_NODE_136_length_2675_cov_14.4023_ID_271,17,T,2675
6047,T_NODE_142_length_2639_cov_6.64938_ID_283,17,T,2639
6049,T_NODE_144_length_2633_cov_6.67766_ID_287,17,T,2633
6050,T_NODE_145_length_2631_cov_15.0477_ID_289,17,T,2631
6054,T_NODE_149_length_2608_cov_67.8962_ID_297,17,T,2608
6056,T_NODE_154_length_2596_cov_14.4317_ID_307,17,T,2596
6057,T_NODE_155_length_2595_cov_15.002_ID_309,17,T,2595
6060,T_NODE_162_length_2571_cov_16.8462_ID_323,17,T,2571
6061,T_NODE_163_length_2569_cov_24.3727_ID_325,17,T,2569
6065,T_NODE_173_length_2543_cov_4.9176_ID_345,17,T,2543
6066,T_NODE_180_length_2487_cov_35.4309_ID_359,17,T,2487
6067,T_NODE_181_length_2482_cov_8.0515_ID_361,17,T,2482
6068,T_NODE_182_length_2476_cov_176.048_ID_363,17,T,2476
6068,NA,21,X,2476
6069,T_NODE_183_length_2476_cov_8.30153_ID_365,17,T,2476
6070,T_NODE_184_length_2474_cov_4.08309_ID_367,17,T,2474
6071,T_NODE_185_length_2472_cov_104.743_ID_369,17,T,2472
6072,T_NODE_186_length_2470_cov_1027.49_ID_371,17,T,2470
6075,T_NODE_193_length_2449_cov_1039.42_ID_385,17,T,2449
6077,T_NODE_200_length_2432_cov_51.0711_ID_399,17,T,2432
6080,T_NODE_203_length_2421_cov_5.69696_ID_405,17,T,2421
6081,T_NODE_208_length_2385_cov_6.76867_ID_415,17,T,2385
6083,T_NODE_211_length_2376_cov_25.9065_ID_421,17,T,2376
6084,T_NODE_213_length_2355_cov_13.5283_ID_425,17,T,2355
6085,T_NODE_214_length_2354_cov_55.2488_ID_427,17,T,2354
6086,T_NODE_217_length_2341_cov_16.2227_ID_433,17,T,2341
6087,T_NODE_218_length_2334_cov_4.10004_ID_435,17,T,2334
6088,T_NODE_221_length_2328_cov_10.37_ID_441,17,T,2328
6089,T_NODE_224_length_2305_cov_20.4284_ID_447,17,T,2305
6090,T_NODE_226_length_2303_cov_9.13345_ID_451,17,T,2303
6091,T_NODE_227_length_2299_cov_74.3316_ID_453,17,T,2299
6093,T_NODE_230_length_2293_cov_13.4482_ID_459,17,T,2293
6095,T_NODE_233_length_2283_cov_8.99417_ID_465,17,T,2283
6096,T_NODE_236_length_2273_cov_23.4576_ID_471,17,T,2273
6097,T_NODE_242_length_2241_cov_5.27768_ID_483,17,T,2241
6098,T_NODE_243_length_2241_cov_24.5645_ID_485,17,T,2241
6099,T_NODE_247_length_2227_cov_8.70166_ID_493,17,T,2227
6101,T_NODE_251_length_2208_cov_51.0251_ID_501,17,T,2208
6103,T_NODE_253_length_2203_cov_10.3738_ID_505,17,T,2203
6105,T_NODE_256_length_2183_cov_12.2401_ID_511,17,T,2183
6106,T_NODE_257_length_2183_cov_19.6255_ID_513,17,T,2183
6109,T_NODE_265_length_2146_cov_12.2147_ID_529,17,T,2146
6110,T_NODE_266_length_2145_cov_8.33301_ID_531,17,T,2145
6113,T_NODE_276_length_2125_cov_9.50531_ID_551,17,T,2125
6114,T_NODE_277_length_2118_cov_5.60785_ID_553,17,T,2118
6116,T_NODE_281_length_2104_cov_11.5056_ID_561,17,T,2104
6117,T_NODE_282_length_2100_cov_12.2015_ID_563,17,T,2100
6118,T_NODE_285_length_2088_cov_6.97_ID_569,17,T,2088
6119,T_NODE_286_length_2082_cov_10.11_ID_571,17,T,2082
6120,T_NODE_288_length_2072_cov_10.5335_ID_575,17,T,2072
6122,T_NODE_297_length_2054_cov_6.81591_ID_593,17,T,2054
6123,T_NODE_300_length_2043_cov_17.6217_ID_599,17,T,2043
6127,T_NODE_308_length_2017_cov_18.5387_ID_615,17,T,2017
6130,T_NODE_311_length_2014_cov_23.5258_ID_621,17,T,2014
6131,T_NODE_314_length_2010_cov_54.8875_ID_627,17,T,2010
6132,T_NODE_316_length_2008_cov_6.63543_ID_631,17,T,2008
6134,T_NODE_318_length_2004_cov_64.5952_ID_635,17,T,2004
6702,U_NODE_2_length_6709_cov_1233.99_ID_3,18,U,6709
6702,NA,16,S,6709
6705,U_NODE_13_length_4350_cov_8.24354_ID_25,18,U,4350
6706,U_NODE_20_length_4038_cov_24.5129_ID_39,18,U,4038
6707,U_NODE_23_length_3819_cov_10.6812_ID_45,18,U,3819
6709,U_NODE_29_length_3578_cov_147.659_ID_57,18,U,3578
6711,U_NODE_33_length_3505_cov_95.4719_ID_65,18,U,3505
6712,U_NODE_36_length_3383_cov_5.95463_ID_71,18,U,3383
6714,U_NODE_44_length_3088_cov_4.31388_ID_87,18,U,3088
6715,U_NODE_45_length_3086_cov_648.611_ID_89,18,U,3086
6715,NA,8,J,3086
6716,U_NODE_46_length_3058_cov_6.64469_ID_91,18,U,3058
6717,U_NODE_47_length_3052_cov_67.646_ID_93,18,U,3052
6718,U_NODE_51_length_3009_cov_4.23731_ID_101,18,U,3009
6719,U_NODE_55_length_2938_cov_51.1235_ID_109,18,U,2938
6721,U_NODE_63_length_2771_cov_4.92563_ID_125,18,U,2771
6722,U_NODE_66_length_2747_cov_13.1642_ID_131,18,U,2747
6725,U_NODE_71_length_2651_cov_35.7962_ID_141,18,U,2651
6728,U_NODE_77_length_2617_cov_33.9356_ID_153,18,U,2617
6729,U_NODE_79_length_2597_cov_3.41581_ID_157,18,U,2597
6732,U_NODE_82_length_2581_cov_14.673_ID_163,18,U,2581
6732,NA,12,N,2581
6732,NA,16,S,2581
6733,U_NODE_85_length_2552_cov_8.03124_ID_169,18,U,2552
6734,U_NODE_86_length_2542_cov_6.6928_ID_171,18,U,2542
6737,U_NODE_93_length_2472_cov_3.01448_ID_185,18,U,2472
6738,U_NODE_94_length_2449_cov_4.26149_ID_187,18,U,2449
6739,U_NODE_95_length_2447_cov_9.86998_ID_189,18,U,2447
6740,U_NODE_96_length_2443_cov_9.75544_ID_191,18,U,2443
6741,U_NODE_99_length_2406_cov_8.72352_ID_197,18,U,2406
6742,U_NODE_100_length_2405_cov_27.2311_ID_199,18,U,2405
6743,U_NODE_102_length_2397_cov_22.611_ID_203,18,U,2397
6744,U_NODE_103_length_2396_cov_10.2281_ID_205,18,U,2396
6745,U_NODE_106_length_2386_cov_5.719_ID_211,18,U,2386
6746,U_NODE_107_length_2385_cov_214.186_ID_213,18,U,2385
6747,U_NODE_108_length_2384_cov_3.45685_ID_215,18,U,2384
6749,U_NODE_110_length_2365_cov_290.578_ID_219,18,U,2365
6750,U_NODE_112_length_2356_cov_20.7618_ID_223,18,U,2356
6751,U_NODE_117_length_2304_cov_7.18897_ID_233,18,U,2304
6752,U_NODE_118_length_2283_cov_12.4897_ID_235,18,U,2283
6755,U_NODE_125_length_2165_cov_4.3237_ID_249,18,U,2165
6756,U_NODE_126_length_2146_cov_7.99187_ID_251,18,U,2146
6758,U_NODE_128_length_2120_cov_68.7036_ID_255,18,U,2120
6759,U_NODE_129_length_2114_cov_6.14327_ID_257,18,U,2114
6760,U_NODE_131_length_2108_cov_8.16805_ID_261,18,U,2108
6762,U_NODE_134_length_2091_cov_4.84037_ID_267,18,U,2091
6763,U_NODE_135_length_2088_cov_4.66699_ID_269,18,U,2088
6764,U_NODE_136_length_2058_cov_3.41987_ID_271,18,U,2058
6765,U_NODE_137_length_2058_cov_30.8477_ID_273,18,U,2058
6767,U_NODE_140_length_2044_cov_11.4449_ID_279,18,U,2044
6768,U_NODE_141_length_2042_cov_9.99799_ID_281,18,U,2042
6769,U_NODE_142_length_2039_cov_4.69304_ID_283,18,U,2039
6770,U_NODE_144_length_2038_cov_9.24811_ID_287,18,U,2038
6771,U_NODE_145_length_2037_cov_3.54087_ID_289,18,U,2037
6772,U_NODE_147_length_2029_cov_12.1611_ID_293,18,U,2029
6773,U_NODE_150_length_2008_cov_62.1091_ID_299,18,U,2008
7146,V_NODE_1_length_6709_cov_179.98_ID_1,19,V,6709
7204,W_NODE_8_length_4817_cov_7.14994_ID_15,20,W,4817
7206,W_NODE_10_length_4618_cov_7.83673_ID_19,20,W,4618
7207,W_NODE_12_length_4350_cov_7.51804_ID_23,20,W,4350
7209,W_NODE_15_length_3792_cov_20.5809_ID_29,20,W,3792
7210,W_NODE_19_length_3385_cov_11.5571_ID_37,20,W,3385
7211,W_NODE_22_length_3336_cov_3.26272_ID_43,20,W,3336
7212,W_NODE_23_length_3293_cov_116.645_ID_45,20,W,3293
7214,W_NODE_27_length_3151_cov_5.59302_ID_53,20,W,3151
7215,W_NODE_28_length_3136_cov_14.2587_ID_55,20,W,3136
7216,W_NODE_29_length_3102_cov_99.6134_ID_57,20,W,3102
7217,W_NODE_31_length_3058_cov_46.1768_ID_61,20,W,3058
7218,W_NODE_35_length_2984_cov_16.3131_ID_69,20,W,2984
7219,W_NODE_36_length_2977_cov_38.1886_ID_71,20,W,2977
7221,W_NODE_42_length_2906_cov_4.32094_ID_83,20,W,2906
7222,W_NODE_43_length_2885_cov_9.09399_ID_85,20,W,2885
7223,W_NODE_44_length_2875_cov_8.12908_ID_87,20,W,2875
7224,W_NODE_45_length_2865_cov_31.4612_ID_89,20,W,2865
7227,W_NODE_49_length_2797_cov_6.40773_ID_97,20,W,2797
7228,W_NODE_50_length_2750_cov_4.72319_ID_99,20,W,2750
7229,W_NODE_52_length_2728_cov_4.56192_ID_103,20,W,2728
7230,W_NODE_53_length_2700_cov_3.11229_ID_105,20,W,2700
7231,W_NODE_54_length_2689_cov_7.0224_ID_107,20,W,2689
7232,W_NODE_55_length_2677_cov_5.11556_ID_109,20,W,2677
7233,W_NODE_56_length_2672_cov_1.95338_ID_111,20,W,2672
7234,W_NODE_57_length_2669_cov_2.90704_ID_113,20,W,2669
7236,W_NODE_59_length_2651_cov_6.44222_ID_117,20,W,2651
7237,W_NODE_61_length_2640_cov_15.4205_ID_121,20,W,2640
7238,W_NODE_62_length_2617_cov_75.6589_ID_123,20,W,2617
7239,W_NODE_63_length_2607_cov_4.84013_ID_125,20,W,2607
7240,W_NODE_64_length_2594_cov_8.19378_ID_127,20,W,2594
7242,W_NODE_67_length_2571_cov_4.56995_ID_133,20,W,2571
7244,W_NODE_70_length_2542_cov_2.04463_ID_139,20,W,2542
7245,W_NODE_71_length_2542_cov_5.64777_ID_141,20,W,2542
7248,W_NODE_75_length_2485_cov_2.85844_ID_149,20,W,2485
7249,W_NODE_77_length_2474_cov_2.82844_ID_153,20,W,2474
7250,W_NODE_78_length_2449_cov_239.391_ID_155,20,W,2449
7252,W_NODE_80_length_2442_cov_10.5455_ID_159,20,W,2442
7253,W_NODE_82_length_2431_cov_7.06145_ID_163,20,W,2431
7254,W_NODE_83_length_2429_cov_33.5872_ID_165,20,W,2429
7255,W_NODE_85_length_2422_cov_3.94339_ID_169,20,W,2422
7256,W_NODE_86_length_2415_cov_3.01483_ID_171,20,W,2415
7257,W_NODE_88_length_2406_cov_3.55764_ID_175,20,W,2406
7259,W_NODE_90_length_2393_cov_18.7322_ID_179,20,W,2393
7261,W_NODE_92_length_2384_cov_4.36625_ID_183,20,W,2384
7262,W_NODE_93_length_2376_cov_30.922_ID_185,20,W,2376
7263,W_NODE_94_length_2368_cov_6.09339_ID_187,20,W,2368
7264,W_NODE_96_length_2365_cov_6.33203_ID_191,20,W,2365
7265,W_NODE_97_length_2365_cov_6.00779_ID_193,20,W,2365
7266,W_NODE_99_length_2347_cov_2.8774_ID_197,20,W,2347
7268,W_NODE_106_length_2304_cov_6.95242_ID_211,20,W,2304
7269,W_NODE_109_length_2295_cov_52.1844_ID_217,20,W,2295
7270,W_NODE_110_length_2295_cov_9.86964_ID_219,20,W,2295
7273,W_NODE_115_length_2233_cov_2.91185_ID_229,20,W,2233
7275,W_NODE_117_length_2218_cov_9.55201_ID_233,20,W,2218
7276,W_NODE_118_length_2208_cov_10.3052_ID_235,20,W,2208
7279,W_NODE_122_length_2183_cov_3.43421_ID_243,20,W,2183
7280,W_NODE_127_length_2146_cov_3.03013_ID_253,20,W,2146
7281,W_NODE_129_length_2125_cov_5.13961_ID_257,20,W,2125
7282,W_NODE_132_length_2098_cov_7.94714_ID_263,20,W,2098
7283,W_NODE_134_length_2088_cov_5.36399_ID_267,20,W,2088
7285,W_NODE_136_length_2074_cov_3.95641_ID_271,20,W,2074
7286,W_NODE_139_length_2054_cov_7.44922_ID_277,20,W,2054
7287,W_NODE_140_length_2046_cov_13.1306_ID_279,20,W,2046
7289,W_NODE_143_length_2030_cov_13.0704_ID_285,20,W,2030
7291,W_NODE_146_length_2021_cov_10.4959_ID_291,20,W,2021
7292,W_NODE_147_length_2017_cov_32.5454_ID_293,20,W,2017
7293,W_NODE_148_length_2013_cov_2.9382_ID_295,20,W,2013
7294,W_NODE_149_length_2009_cov_13.3265_ID_297,20,W,2009
7573,X_NODE_2_length_6611_cov_97.9588_ID_3,21,X,6611
7578,X_NODE_15_length_3876_cov_3.47946_ID_29,21,X,3876
7581,X_NODE_23_length_3571_cov_27.5347_ID_45,21,X,3571
7585,X_NODE_35_length_3348_cov_13.3334_ID_69,21,X,3348
7587,X_NODE_38_length_3263_cov_4.05393_ID_75,21,X,3263
7588,X_NODE_40_length_3248_cov_47.8951_ID_79,21,X,3248
7589,X_NODE_41_length_3242_cov_7.60872_ID_81,21,X,3242
7590,X_NODE_43_length_3202_cov_2.88783_ID_85,21,X,3202
7592,X_NODE_46_length_3163_cov_32.8362_ID_91,21,X,3163
7593,X_NODE_47_length_3158_cov_5.65614_ID_93,21,X,3158
7594,X_NODE_48_length_3148_cov_3.07242_ID_95,21,X,3148
7595,X_NODE_53_length_3126_cov_20.436_ID_105,21,X,3126
7596,X_NODE_55_length_3105_cov_8.52393_ID_109,21,X,3105
7599,X_NODE_61_length_3052_cov_5.07708_ID_121,21,X,3052
7601,X_NODE_65_length_3006_cov_26.7523_ID_129,21,X,3006
7604,X_NODE_69_length_2965_cov_32.0619_ID_137,21,X,2965
7605,X_NODE_71_length_2940_cov_4.33033_ID_141,21,X,2940
7607,X_NODE_73_length_2906_cov_7.97229_ID_145,21,X,2906
7609,X_NODE_77_length_2848_cov_15.6241_ID_153,21,X,2848
7611,X_NODE_79_length_2845_cov_4.54409_ID_157,21,X,2845
7612,X_NODE_80_length_2799_cov_19.7635_ID_159,21,X,2799
7613,X_NODE_81_length_2797_cov_6.29942_ID_161,21,X,2797
7615,X_NODE_84_length_2772_cov_3.81892_ID_167,21,X,2772
7616,X_NODE_85_length_2771_cov_3.64323_ID_169,21,X,2771
7617,X_NODE_88_length_2729_cov_4.65482_ID_175,21,X,2729
7619,X_NODE_90_length_2719_cov_5.53303_ID_179,21,X,2719
7620,X_NODE_93_length_2662_cov_3.09398_ID_185,21,X,2662
7622,X_NODE_95_length_2651_cov_89.9222_ID_189,21,X,2651
7624,X_NODE_97_length_2637_cov_24.5205_ID_193,21,X,2637
7625,X_NODE_98_length_2633_cov_11.2203_ID_195,21,X,2633
7626,X_NODE_99_length_2612_cov_17.7219_ID_197,21,X,2612
7627,X_NODE_101_length_2596_cov_7.06572_ID_201,21,X,2596
7628,X_NODE_102_length_2594_cov_9.92123_ID_203,21,X,2594
7629,X_NODE_105_length_2580_cov_15.9117_ID_209,21,X,2580
7630,X_NODE_106_length_2570_cov_8.96501_ID_211,21,X,2570
7631,X_NODE_108_length_2570_cov_8.52326_ID_215,21,X,2570
7632,X_NODE_113_length_2542_cov_29.9887_ID_225,21,X,2542
7634,X_NODE_115_length_2537_cov_3.37147_ID_229,21,X,2537
7635,X_NODE_116_length_2533_cov_4.22962_ID_231,21,X,2533
7637,X_NODE_123_length_2487_cov_5.10074_ID_245,21,X,2487
7639,X_NODE_126_length_2474_cov_44.5932_ID_251,21,X,2474
7640,X_NODE_129_length_2466_cov_6.66902_ID_257,21,X,2466
7642,X_NODE_135_length_2443_cov_9.02178_ID_269,21,X,2443
7643,X_NODE_138_length_2389_cov_8.7108_ID_275,21,X,2389
7645,X_NODE_140_length_2385_cov_5.997_ID_279,21,X,2385
7646,X_NODE_141_length_2385_cov_27.682_ID_281,21,X,2385
7647,X_NODE_143_length_2376_cov_61.9212_ID_285,21,X,2376
7648,X_NODE_144_length_2372_cov_3.19163_ID_287,21,X,2372
7650,X_NODE_146_length_2365_cov_40.171_ID_291,21,X,2365
7651,X_NODE_147_length_2360_cov_4.66204_ID_293,21,X,2360
7652,X_NODE_148_length_2359_cov_16.1424_ID_295,21,X,2359
7653,X_NODE_149_length_2357_cov_2.03128_ID_297,21,X,2357
7654,X_NODE_150_length_2356_cov_105.082_ID_299,21,X,2356
7655,X_NODE_151_length_2355_cov_9.25826_ID_301,21,X,2355
7658,X_NODE_154_length_2345_cov_5.97948_ID_307,21,X,2345
7661,X_NODE_160_length_2329_cov_4.85312_ID_319,21,X,2329
7662,X_NODE_161_length_2328_cov_14.3559_ID_321,21,X,2328
7663,X_NODE_162_length_2304_cov_3.19831_ID_323,21,X,2304
7664,X_NODE_163_length_2293_cov_4.15147_ID_325,21,X,2293
7666,X_NODE_165_length_2283_cov_8.42101_ID_329,21,X,2283
7667,X_NODE_166_length_2278_cov_50.7436_ID_331,21,X,2278
7671,X_NODE_174_length_2218_cov_73.3523_ID_347,21,X,2218
7672,X_NODE_176_length_2213_cov_4.89249_ID_351,21,X,2213
7673,X_NODE_177_length_2211_cov_3.53896_ID_353,21,X,2211
7674,X_NODE_178_length_2208_cov_3.92476_ID_355,21,X,2208
7676,X_NODE_180_length_2203_cov_6.73231_ID_359,21,X,2203
7677,X_NODE_181_length_2194_cov_9.05236_ID_361,21,X,2194
7678,X_NODE_183_length_2183_cov_6.70724_ID_365,21,X,2183
7680,X_NODE_185_length_2157_cov_12.0281_ID_369,21,X,2157
7682,X_NODE_188_length_2134_cov_25.3127_ID_375,21,X,2134
7683,X_NODE_189_length_2128_cov_4.90835_ID_377,21,X,2128
7686,X_NODE_193_length_2125_cov_7.68213_ID_385,21,X,2125
7687,X_NODE_194_length_2124_cov_20.7173_ID_387,21,X,2124
7688,X_NODE_195_length_2114_cov_10.4337_ID_389,21,X,2114
7690,X_NODE_197_length_2106_cov_5.22477_ID_393,21,X,2106
7692,X_NODE_199_length_2098_cov_128.918_ID_397,21,X,2098
7693,X_NODE_202_length_2091_cov_18.3782_ID_403,21,X,2091
7694,X_NODE_203_length_2089_cov_18.41_ID_405,21,X,2089
7695,X_NODE_204_length_2088_cov_3.96655_ID_407,21,X,2088
7697,X_NODE_208_length_2075_cov_3.64851_ID_415,21,X,2075
7698,X_NODE_209_length_2072_cov_24.7918_ID_417,21,X,2072
7699,X_NODE_210_length_2068_cov_5.84054_ID_419,21,X,2068
7700,X_NODE_211_length_2068_cov_31.4968_ID_421,21,X,2068
7700,NA,12,N,2068
7701,X_NODE_213_length_2065_cov_40.8597_ID_425,21,X,2065
7703,X_NODE_217_length_2054_cov_4.30815_ID_433,21,X,2054
7704,X_NODE_219_length_2041_cov_16.1344_ID_437,21,X,2041
7705,X_NODE_220_length_2035_cov_7.48687_ID_439,21,X,2035
7706,X_NODE_221_length_2032_cov_7.01821_ID_441,21,X,2032
7707,X_NODE_224_length_2021_cov_15.3825_ID_447,21,X,2021
7709,X_NODE_226_length_2014_cov_35.1378_ID_451,21,X,2014
7710,X_NODE_227_length_2013_cov_2.28141_ID_453,21,X,2013
7711,X_NODE_228_length_2011_cov_145.722_ID_455,21,X,2011
7712,X_NODE_229_length_2004_cov_23.1714_ID_457,21,X,2004
8094,Y_NODE_4_length_6559_cov_14.6705_ID_7,22,Y,6559
8097,Y_NODE_15_length_4565_cov_6.87561_ID_29,22,Y,4565
8101,Y_NODE_27_length_3706_cov_6.19638_ID_53,22,Y,3706
8102,Y_NODE_29_length_3634_cov_54.1959_ID_57,22,Y,3634
8103,Y_NODE_31_length_3550_cov_8.96681_ID_61,22,Y,3550
8104,Y_NODE_38_length_3397_cov_4.70766_ID_75,22,Y,3397
8105,Y_NODE_39_length_3383_cov_13.2184_ID_77,22,Y,3383
8106,Y_NODE_40_length_3337_cov_5.32419_ID_79,22,Y,3337
8108,Y_NODE_43_length_3304_cov_7.82271_ID_85,22,Y,3304
8109,Y_NODE_45_length_3255_cov_5.86344_ID_89,22,Y,3255
8110,Y_NODE_46_length_3231_cov_5.00724_ID_91,22,Y,3231
8111,Y_NODE_48_length_3228_cov_3.68453_ID_95,22,Y,3228
8112,Y_NODE_49_length_3228_cov_4.71667_ID_97,22,Y,3228
8113,Y_NODE_53_length_3165_cov_3.75048_ID_105,22,Y,3165
8114,Y_NODE_54_length_3156_cov_6.66269_ID_107,22,Y,3156
8115,Y_NODE_55_length_3151_cov_8.21124_ID_109,22,Y,3151
8116,Y_NODE_59_length_3083_cov_5.4214_ID_117,22,Y,3083
8117,Y_NODE_61_length_3052_cov_3.87754_ID_121,22,Y,3052
8118,Y_NODE_62_length_3045_cov_4.43545_ID_123,22,Y,3045
8119,Y_NODE_63_length_3031_cov_4.64919_ID_125,22,Y,3031
8120,Y_NODE_67_length_2985_cov_49.2065_ID_133,22,Y,2985
8121,Y_NODE_68_length_2984_cov_7.80335_ID_135,22,Y,2984
8122,Y_NODE_70_length_2977_cov_148.53_ID_139,22,Y,2977
8122,NA,17,T,2977
8124,Y_NODE_73_length_2940_cov_5.3279_ID_145,22,Y,2940
8125,Y_NODE_75_length_2911_cov_3.61099_ID_149,22,Y,2911
8126,Y_NODE_76_length_2906_cov_21.4265_ID_151,22,Y,2906
8130,Y_NODE_81_length_2885_cov_12.9859_ID_161,22,Y,2885
8131,Y_NODE_83_length_2873_cov_3.20688_ID_165,22,Y,2873
8133,Y_NODE_88_length_2829_cov_15.9427_ID_175,22,Y,2829
8134,Y_NODE_90_length_2811_cov_5.04681_ID_179,22,Y,2811
8135,Y_NODE_92_length_2799_cov_20.4195_ID_183,22,Y,2799
8136,Y_NODE_93_length_2797_cov_8.74544_ID_185,22,Y,2797
8137,Y_NODE_97_length_2747_cov_6.26152_ID_193,22,Y,2747
8139,Y_NODE_101_length_2730_cov_16.1574_ID_201,22,Y,2730
8140,Y_NODE_103_length_2704_cov_20.0347_ID_205,22,Y,2704
8141,Y_NODE_105_length_2688_cov_7.27801_ID_209,22,Y,2688
8142,Y_NODE_106_length_2681_cov_5.88157_ID_211,22,Y,2681
8144,Y_NODE_110_length_2651_cov_15.5582_ID_219,22,Y,2651
8147,Y_NODE_119_length_2608_cov_9.5045_ID_237,22,Y,2608
8148,Y_NODE_121_length_2598_cov_24.9705_ID_241,22,Y,2598
8150,Y_NODE_123_length_2596_cov_7.60606_ID_245,22,Y,2596
8151,Y_NODE_125_length_2594_cov_6.64592_ID_249,22,Y,2594
8154,Y_NODE_129_length_2587_cov_8.3673_ID_257,22,Y,2587
8155,Y_NODE_131_length_2581_cov_5.19477_ID_261,22,Y,2581
8156,Y_NODE_136_length_2552_cov_8.09972_ID_271,22,Y,2552
8157,Y_NODE_137_length_2551_cov_4.82372_ID_273,22,Y,2551
8158,Y_NODE_141_length_2510_cov_8.92912_ID_281,22,Y,2510
8159,Y_NODE_142_length_2508_cov_3.53322_ID_283,22,Y,2508
8161,Y_NODE_145_length_2495_cov_3.4332_ID_289,22,Y,2495
8162,Y_NODE_147_length_2487_cov_8.95477_ID_293,22,Y,2487
8163,Y_NODE_148_length_2484_cov_2.85797_ID_295,22,Y,2484
8165,Y_NODE_160_length_2411_cov_614.087_ID_319,22,Y,2411
8166,Y_NODE_165_length_2390_cov_4.83897_ID_329,22,Y,2390
8167,Y_NODE_166_length_2386_cov_4.73531_ID_331,22,Y,2386
8168,Y_NODE_167_length_2386_cov_17.55_ID_333,22,Y,2386
8169,Y_NODE_168_length_2376_cov_6.37139_ID_335,22,Y,2376
8170,Y_NODE_170_length_2367_cov_7.45069_ID_339,22,Y,2367
8171,Y_NODE_173_length_2358_cov_6.75727_ID_345,22,Y,2358
8172,Y_NODE_175_length_2356_cov_55.1691_ID_349,22,Y,2356
8173,Y_NODE_176_length_2350_cov_12.4035_ID_351,22,Y,2350
8174,Y_NODE_178_length_2328_cov_5.42499_ID_355,22,Y,2328
8175,Y_NODE_179_length_2303_cov_19.3372_ID_357,22,Y,2303
8176,Y_NODE_180_length_2300_cov_4.70601_ID_359,22,Y,2300
8177,Y_NODE_181_length_2291_cov_4.23748_ID_361,22,Y,2291
8178,Y_NODE_184_length_2281_cov_4.60153_ID_367,22,Y,2281
8179,Y_NODE_186_length_2271_cov_21.3096_ID_371,22,Y,2271
8180,Y_NODE_188_length_2247_cov_3.11861_ID_375,22,Y,2247
8181,Y_NODE_190_length_2245_cov_13.2703_ID_379,22,Y,2245
8182,Y_NODE_192_length_2233_cov_2.57851_ID_383,22,Y,2233
8183,Y_NODE_195_length_2213_cov_38.4171_ID_389,22,Y,2213
8184,Y_NODE_197_length_2208_cov_13.7431_ID_393,22,Y,2208
8185,Y_NODE_199_length_2183_cov_12.9384_ID_397,22,Y,2183
8187,Y_NODE_202_length_2160_cov_15.2_ID_403,22,Y,2160
8188,Y_NODE_204_length_2151_cov_12.051_ID_407,22,Y,2151
8188,NA,16,S,2151
8189,Y_NODE_205_length_2146_cov_3.72501_ID_409,22,Y,2146
8191,Y_NODE_207_length_2130_cov_3.8641_ID_413,22,Y,2130
8192,Y_NODE_211_length_2125_cov_6.04348_ID_421,22,Y,2125
8193,Y_NODE_212_length_2114_cov_14.8179_ID_423,22,Y,2114
8194,Y_NODE_215_length_2104_cov_10.0947_ID_429,22,Y,2104
8196,Y_NODE_217_length_2100_cov_8.99364_ID_433,22,Y,2100
8197,Y_NODE_218_length_2091_cov_39.473_ID_435,22,Y,2091
8198,Y_NODE_219_length_2090_cov_7.24914_ID_437,22,Y,2090
8199,Y_NODE_220_length_2088_cov_4.576_ID_439,22,Y,2088
8200,Y_NODE_223_length_2072_cov_13.2459_ID_445,22,Y,2072
8201,Y_NODE_226_length_2055_cov_3.6895_ID_451,22,Y,2055
8204,Y_NODE_229_length_2047_cov_26.7475_ID_457,22,Y,2047
8206,Y_NODE_233_length_2039_cov_9.37097_ID_465,22,Y,2039
8208,Y_NODE_236_length_2034_cov_12.7959_ID_471,22,Y,2034
8209,Y_NODE_239_length_2014_cov_31.5181_ID_477,22,Y,2014
8210,Y_NODE_240_length_2014_cov_6.98928_ID_479,22,Y,2014
8211,Y_NODE_242_length_2008_cov_481.184_ID_483,22,Y,2008
8212,Y_NODE_244_length_2004_cov_7.9215_ID_487,22,Y,2004
